Position,Const,Created,Modified,Description,Title,URL,Title Type,IMDb Rating,Runtime (mins),Year,Genres,Num Votes,Release Date,Directors
1,tt0165325,2012-12-28,2014-01-18,,Immagini di un convento,http://www.imdb.com/title/tt0165325/,movie,5.7,82,1979,"Adult, Drama",611,1979-08-07,Joe D'Amato
2,tt0237680,2012-12-30,2012-12-30,,Sacred Flesh,http://www.imdb.com/title/tt0237680/,movie,3.4,75,2000,,430,2000-03-17,Nigel Wingrove
3,tt1139797,2012-12-30,2012-12-30,,Låt den rätte komma in,http://www.imdb.com/title/tt1139797/,movie,7.9,115,2008,"Drama, Horror, Romance",185491,2008-01-26,Tomas Alfredson
4,tt1454505,2013-01-01,2013-01-01,,Napapiirin sankarit,http://www.imdb.com/title/tt1454505/,movie,6.9,92,2010,"Comedy, Drama, Romance",4971,2010-09-10,Dome Karukoski
5,tt0070636,2013-01-02,2013-01-02,,Satanico Pandemonium: La Sexorcista,http://www.imdb.com/title/tt0070636/,movie,6.3,89,1975,"Horror, Mystery, Thriller",687,1975-06-26,Gilberto Martínez Solares
6,tt2125608,2013-01-02,2013-01-02,,Searching for Sugar Man,http://www.imdb.com/title/tt2125608/,movie,8.2,86,2012,"Documentary, Biography, Music",54271,2012-01-19,Malik Bendjelloul
7,tt1584016,2013-01-03,2013-01-03,,Catfish,http://www.imdb.com/title/tt1584016/,movie,7.1,87,2010,Documentary,37280,2010-01-22,"Henry Joost, Ariel Schulman"
8,tt2125666,2013-01-03,2013-01-03,,The Queen of Versailles,http://www.imdb.com/title/tt2125666/,movie,7.1,100,2012,Documentary,11428,2012-01-19,Lauren Greenfield
9,tt1319744,2013-01-03,2013-01-03,,The Interrupters,http://www.imdb.com/title/tt1319744/,movie,7.5,125,2011,"Documentary, Crime",3223,2011-01-21,Steve James
10,tt1787725,2013-01-05,2013-01-05,,If a Tree Falls: A Story of the Earth Liberation Front,http://www.imdb.com/title/tt1787725/,movie,7.2,85,2011,"Documentary, Biography, Crime, Drama, History, News, Thriller",2834,2011-01-01,"Sam Cullman, Marshall Curry"
11,tt2158668,2013-01-05,2013-01-05,,My Big Fat Fetish,http://www.imdb.com/title/tt2158668/,tvMovie,5.4,47,2012,Documentary,16,2012-05-22,"Jon Cahn, Nick Betts"
12,tt2120152,2013-01-05,2013-01-05,,The Invisible War,http://www.imdb.com/title/tt2120152/,movie,7.6,93,2012,"Documentary, Crime",6158,2012-01-20,Kirby Dick
13,tt1588342,2013-01-11,2013-01-11,,Snabba cash II,http://www.imdb.com/title/tt1588342/,movie,6.2,99,2012,"Action, Crime, Drama, Thriller",6183,2012-08-10,Babak Najafi
14,tt1142977,2013-01-13,2013-01-13,,Frankenweenie,http://www.imdb.com/title/tt1142977/,movie,7.0,87,2012,"Animation, Comedy, Family, Horror, Sci-Fi",82328,2012-09-20,Tim Burton
15,tt0893356,2013-01-18,2013-01-18,,Nanking,http://www.imdb.com/title/tt0893356/,movie,7.8,90,2007,"Biography, History, War",3107,2007-01-01,"Bill Guttentag, Dan Sturman"
16,tt1853728,2013-01-19,2013-01-19,,Django Unchained,http://www.imdb.com/title/tt1853728/,movie,8.4,165,2012,"Drama, Western",1090095,2012-12-11,Quentin Tarantino
17,tt0815241,2013-01-20,2013-01-20,,Religulous,http://www.imdb.com/title/tt0815241/,movie,7.7,101,2008,"Documentary, Comedy, War",54631,2008-08-01,Larry Charles
18,tt0104140,2013-01-20,2013-01-20,,Dream Deceivers: The Story Behind James Vance vs. Judas Priest,http://www.imdb.com/title/tt0104140/,movie,7.3,60,1992,"Documentary, Music",250,1992-08-06,David Van Taylor
19,tt0874423,2013-01-23,2013-01-23,,Zoo,http://www.imdb.com/title/tt0874423/,movie,5.6,75,2007,Documentary,2444,2007-01-20,Robinson Devor
20,tt0443272,2013-01-26,2013-01-26,,Lincoln,http://www.imdb.com/title/tt0443272/,movie,7.4,150,2012,"Biography, Drama, History, War",213784,2012-10-08,Steven Spielberg
21,tt0456006,2013-01-26,2013-01-26,,Slippin': Ten Years with the Bloods,http://www.imdb.com/title/tt0456006/,movie,6.8,84,2005,Documentary,217,2005-04-23,"Joachim Schroeder, Tommy Sowards"
22,tt0318997,2013-01-26,2013-01-26,,Angels in America,http://www.imdb.com/title/tt0318997/,tvMiniSeries,8.3,352,2003,"Drama, Fantasy, Romance",23146,2003-12-07,
23,tt0069089,2013-01-27,2013-01-27,,Pink Flamingos,http://www.imdb.com/title/tt0069089/,movie,6.1,93,1972,"Comedy, Crime",18421,1972-03-17,John Waters
24,tt1570989,2013-02-01,2013-02-01,,Tiny Furniture,http://www.imdb.com/title/tt1570989/,movie,6.2,98,2010,"Comedy, Drama, Romance",12851,2010-03-15,Lena Dunham
25,tt2599898,2013-02-02,2013-02-02,,Tavarataivas,http://www.imdb.com/title/tt2599898/,movie,6.4,83,2013,"Documentary, Comedy",508,2013-01-23,Petri Luukkainen
26,tt1942884,2013-02-03,2013-02-03,,Indie Game: The Movie,http://www.imdb.com/title/tt1942884/,movie,7.7,94,2012,"Documentary, Drama",18707,2012-01-20,"Lisanne Pajot, James Swirsky"
27,tt0388789,2013-02-04,2013-02-04,,Born Into Brothels: Calcutta's Red Light Kids,http://www.imdb.com/title/tt0388789/,movie,7.4,85,2004,Documentary,13407,2004-01-17,"Ross Kauffman, Zana Briski"
28,tt1294182,2013-02-07,2013-02-07,,Living in Emergency,http://www.imdb.com/title/tt1294182/,movie,8.5,93,2008,Documentary,992,2008-08-29,Mark N. Hopkins
29,tt2359085,2013-02-16,2013-02-16,,Hitler's Children,http://www.imdb.com/title/tt2359085/,movie,7.4,59,2011,"Documentary, History",1023,2011-05-01,Chanoch Ze'evi
30,tt1972663,2013-02-19,2013-02-19,,Into the Abyss,http://www.imdb.com/title/tt1972663/,movie,7.3,107,2011,"Documentary, Crime, Drama",13949,2011-09-08,Werner Herzog
31,tt1523326,2013-02-27,2013-02-27,,Limbo,http://www.imdb.com/title/tt1523326/,movie,6.1,105,2010,Drama,450,2010-09-10,Maria Sødahl
32,tt2131541,2013-03-01,2013-03-01,,Kohta 18,http://www.imdb.com/title/tt2131541/,movie,6.3,110,2012,Drama,494,2012-03-09,Maarit Lalli
33,tt1371111,2013-03-04,2013-03-04,,Cloud Atlas,http://www.imdb.com/title/tt1371111/,movie,7.5,172,2012,"Action, Drama, Mystery, Sci-Fi",308322,2012-09-08,"Lilly Wachowski, Lana Wachowski, Tom Tykwer"
34,tt2309788,2013-03-06,2013-03-06,,The Gatekeepers,http://www.imdb.com/title/tt2309788/,movie,7.6,101,2012,"Documentary, History, War",4950,2012-07-10,Dror Moreh
35,tt2185178,2013-03-12,2013-03-12,,Korsoteoria,http://www.imdb.com/title/tt2185178/,short,6.8,30,2012,"Short, Drama",142,2012-03-09,Antti Heikki Pesonen
36,tt2365776,2013-03-13,2013-03-13,,Sirocco,http://www.imdb.com/title/tt2365776/,short,5.3,14,2012,"Short, Drama",74,2012-06-23,Mikko Kuparinen
37,tt2124803,2013-03-17,2013-03-17,,How to Survive a Plague,http://www.imdb.com/title/tt2124803/,movie,7.6,110,2012,"Documentary, History, News",3260,2012-01-22,David France
38,tt0460542,2013-04-03,2013-04-03,,The Real Da Vinci Code,http://www.imdb.com/title/tt0460542/,tvSpecial,6.9,90,2005,Documentary,338,2005-02-03,Kashaf Chaudhry
39,tt1560747,2013-04-11,2013-04-11,,The Master,http://www.imdb.com/title/tt1560747/,movie,7.1,138,2012,Drama,117950,2012-09-01,Paul Thomas Anderson
40,tt2085002,2013-04-13,2013-04-13,,Äta sova dö,http://www.imdb.com/title/tt2085002/,movie,6.5,104,2012,Drama,1784,2012-09-02,Gabriela Pichler
41,tt2261629,2013-04-14,2013-04-14,,Hilton!,http://www.imdb.com/title/tt2261629/,movie,6.4,78,2013,"Documentary, Romance",197,2013-01-22,Virpi Suutari
42,tt0107086,2013-05-06,2013-05-06,,Hated: GG Allin & the Murder Junkies,http://www.imdb.com/title/tt0107086/,movie,7.4,52,1993,"Documentary, Biography, Music",2316,1993-08-13,Todd Phillips
43,tt2101441,2013-05-20,2013-05-20,,Spring Breakers,http://www.imdb.com/title/tt2101441/,movie,5.3,94,2012,"Crime, Drama",117647,2012-09-05,Harmony Korine
44,tt1602613,2013-06-08,2013-06-08,,Only God Forgives,http://www.imdb.com/title/tt1602613/,movie,5.7,90,2013,"Crime, Drama",93278,2013-05-22,Nicolas Winding Refn
45,tt1707386,2013-06-10,2013-06-10,,Les Misérables,http://www.imdb.com/title/tt1707386/,movie,7.6,158,2012,"Drama, History, Musical, Romance, War",265496,2012-12-05,Tom Hooper
46,tt2066922,2013-06-14,2013-06-14,,Metsän tarina,http://www.imdb.com/title/tt2066922/,movie,7.0,75,2012,"Documentary, Family",267,2012-12-28,"Kim Saarniluoto, Ville Suhonen"
47,tt2621714,2013-07-08,2013-07-08,,American Vagabond,http://www.imdb.com/title/tt2621714/,movie,6.8,85,2013,Documentary,132,2013-02-27,Susanna Helke
48,tt2243389,2013-07-25,2013-07-25,,Los amantes pasajeros,http://www.imdb.com/title/tt2243389/,movie,5.6,90,2013,Comedy,18905,2013-03-08,Pedro Almodóvar
49,tt0096257,2013-08-15,2013-08-15,,The Thin Blue Line,http://www.imdb.com/title/tt0096257/,movie,8.1,101,1988,"Documentary, Crime, Drama, Mystery",17993,1988-08-25,Errol Morris
50,tt1971514,2013-08-15,2013-08-15,,Salvo,http://www.imdb.com/title/tt1971514/,movie,6.0,110,2013,"Crime, Drama, Romance",965,2013-05-16,"Fabio Grassadonia, Antonio Piazza"
51,tt1974212,2013-08-15,2013-08-15,,Aynehaye rooberoo,http://www.imdb.com/title/tt1974212/,movie,7.1,98,2011,Drama,355,2011-02-01,Negar Azarbayjani
52,tt2705574,2013-08-15,2013-08-15,,Mittsommernachtstango,http://www.imdb.com/title/tt2705574/,movie,7.2,84,2013,"Documentary, Music",112,2013-04-14,Viviane Blumenschein
53,tt2317102,2013-08-15,2013-08-15,,De wederopstanding van een klootzak,http://www.imdb.com/title/tt2317102/,movie,6.4,90,2013,Drama,501,2013-01-23,Guido van Driel
54,tt1531901,2013-08-15,2013-08-15,,Byzantium,http://www.imdb.com/title/tt1531901/,movie,6.5,118,2012,"Drama, Fantasy, Horror, Thriller",35261,2012-09-09,Neil Jordan
55,tt1854535,2013-08-15,2013-08-15,,Gaigimet,http://www.imdb.com/title/tt1854535/,movie,7.2,90,2012,"Comedy, Drama",465,2012-09-06,Rusudan Chkonia
56,tt2293138,2013-08-15,2013-08-15,,Vive la France,http://www.imdb.com/title/tt2293138/,movie,5.8,94,2013,Comedy,3008,2013-01-16,Michaël Youn
57,tt1674773,2013-08-15,2013-08-15,,Hannah Arendt,http://www.imdb.com/title/tt1674773/,movie,7.1,113,2012,"Biography, Drama",8540,2012-09-11,Margarethe von Trotta
58,tt1743993,2013-08-15,2013-08-15,,When the Lights Went Out,http://www.imdb.com/title/tt1743993/,movie,5.4,86,2012,Horror,4087,2012-01-31,Pat Holden
59,tt2164718,2013-08-18,2013-08-18,,Rock Ba-Casba,http://www.imdb.com/title/tt2164718/,movie,6.6,93,2012,"Action, Drama, History, War",286,2012-07-07,Yariv Horowitz
60,tt2381951,2013-08-27,2013-08-27,,Kummisetäni thaimorsian,http://www.imdb.com/title/tt2381951/,movie,5.2,58,2012,"Documentary, Drama",46,2012-11-16,Wille Hyvönen
61,tt0068646,2013-08-28,2013-08-28,,The Godfather,http://www.imdb.com/title/tt0068646/,movie,9.2,175,1972,"Crime, Drama",1292512,1972-03-14,Francis Ford Coppola
62,tt2375605,2013-08-31,2013-08-31,,The Act of Killing,http://www.imdb.com/title/tt2375605/,movie,8.2,117,2012,"Documentary, Crime",28140,2012-08-31,"Joshua Oppenheimer, Christine Cynn, Anonymous"
63,tt0109508,2013-08-31,2013-08-31,,Crumb,http://www.imdb.com/title/tt0109508/,movie,8.0,119,1994,"Documentary, Biography, Comedy",15454,1994-09-10,Terry Zwigoff
64,tt0157894,2013-08-31,2013-08-31,,The Killing of America,http://www.imdb.com/title/tt0157894/,movie,7.7,90,1981,"Documentary, Crime",1415,1981-09-05,"Sheldon Renan, Leonard Schrader"
65,tt0342172,2013-09-01,2013-09-01,,Capturing the Friedmans,http://www.imdb.com/title/tt0342172/,movie,7.8,107,2003,"Documentary, Biography",20906,2003-01-17,Andrew Jarecki
66,tt0230591,2013-09-01,2013-09-01,,One Day in September,http://www.imdb.com/title/tt0230591/,movie,7.9,94,1999,"Documentary, History, Sport",5202,1999-10-22,Kevin Macdonald
67,tt0799954,2013-09-06,2013-09-06,,The Bridge,http://www.imdb.com/title/tt0799954/,movie,7.3,94,2006,"Documentary, Drama",10024,2006-04-27,Eric Steel
68,tt1704619,2013-09-06,2013-09-06,,Tabloid,http://www.imdb.com/title/tt1704619/,movie,7.1,87,2010,"Documentary, Crime",5726,2010-09-03,Errol Morris
69,tt1966604,2013-09-07,2013-09-07,,The Imposter,http://www.imdb.com/title/tt1966604/,movie,7.5,99,2012,"Documentary, Biography",39135,2012-01-23,Bart Layton
70,tt0063522,2013-09-15,2013-09-15,,Rosemary's Baby,http://www.imdb.com/title/tt0063522/,movie,8.0,137,1968,"Drama, Horror",155427,1968-06-12,Roman Polanski
71,tt0052751,2013-09-15,2013-09-15,,Donald in Mathmagic Land,http://www.imdb.com/title/tt0052751/,short,8.0,27,1959,"Animation, Short, Comedy, Family, Fantasy",1782,1959-06-26,"Wolfgang Reitherman, Les Clark, Joshua Meador, Hamilton Luske"
72,tt1733785,2013-09-16,2013-09-16,,Bron/Broen,http://www.imdb.com/title/tt1733785/,tvSeries,8.6,60,2011,"Crime, Mystery, Thriller",38259,2011-09-21,
73,tt0141842,2013-09-16,2013-09-16,,The Sopranos,http://www.imdb.com/title/tt0141842/,tvSeries,9.2,55,1999,"Crime, Drama",220340,1999-01-10,
74,tt1403214,2013-09-19,2013-09-19,,Paradies: Liebe,http://www.imdb.com/title/tt1403214/,movie,7.1,120,2012,Drama,6828,2012-05-18,Ulrich Seidl
75,tt1464783,2013-09-22,2013-09-22,,The Great Hip Hop Hoax,http://www.imdb.com/title/tt1464783/,movie,7.1,93,2013,"Documentary, Comedy, Music",472,2013-03-14,Jeanie Finlay
76,tt2852376,2013-09-24,2013-09-24,,Heli,http://www.imdb.com/title/tt2852376/,movie,6.8,105,2013,"Crime, Drama, Romance, Thriller",4044,2013-05-16,Amat Escalante
77,tt2737310,2013-09-26,2013-09-26,,Mistaken for Strangers,http://www.imdb.com/title/tt2737310/,movie,7.3,75,2013,"Documentary, Comedy, Music",3859,2013-04-17,Tom Berninger
78,tt0874289,2013-09-27,2013-09-27,,America Undercover: The Iceman Tapes: Conversations with a Killer,http://www.imdb.com/title/tt0874289/,tvEpisode,7.7,47,1992,Documentary,705,1992-04-07,"Arthur Ginsberg, Tom Spain"
79,tt2076871,2013-09-28,2013-09-28,,Kelly + Victor,http://www.imdb.com/title/tt2076871/,movie,5.7,95,2012,Drama,644,2012-10-16,Kieran Evans
80,tt2217458,2013-09-29,2013-09-29,,Flores Raras,http://www.imdb.com/title/tt2217458/,movie,7.0,118,2013,"Biography, Drama, Romance",2268,2013-02-09,Bruno Barreto
81,tt2017634,2013-09-29,2013-09-29,,Kink,http://www.imdb.com/title/tt2017634/,movie,6.3,80,2013,Documentary,1008,2013-01-19,Christina Voros
82,tt2120779,2013-10-02,2013-10-02,,Jason Becker: Not Dead Yet,http://www.imdb.com/title/tt2120779/,movie,8.1,87,2012,"Documentary, Biography, Music",1050,2012-03-03,Jesse Vile
83,tt2125423,2013-10-26,2013-10-26,,Five Broken Cameras,http://www.imdb.com/title/tt2125423/,movie,8.0,94,2011,"Documentary, War",5228,2011-11-23,"Guy Davidi, Emad Burnat"
84,tt1291580,2013-10-31,2013-10-31,,Behind the Candelabra,http://www.imdb.com/title/tt1291580/,tvMovie,7.0,118,2013,"Biography, Drama, Romance",35348,2013-05-21,Steven Soderbergh
85,tt2309021,2013-11-01,2013-11-01,,We Are What We Are,http://www.imdb.com/title/tt2309021/,movie,5.9,105,2013,"Drama, Horror, Thriller",17082,2013-01-18,Jim Mickle
86,tt2396495,2013-11-02,2013-11-02,,Fresh Meat,http://www.imdb.com/title/tt2396495/,movie,5.3,91,2012,"Comedy, Horror",1363,2012-10-15,Danny Mulheron
87,tt1792576,2013-11-08,2013-11-08,,Jobriath A.D.,http://www.imdb.com/title/tt1792576/,movie,7.3,102,2012,Documentary,119,2012-06-15,Kieran Turner
88,tt2325909,2013-11-11,2013-11-11,,Kerron sinulle kaiken,http://www.imdb.com/title/tt2325909/,movie,6.8,95,2013,"Drama, Romance",597,2013-03-08,Simo Halinen
89,tt0387564,2013-12-07,2013-12-07,,Saw,http://www.imdb.com/title/tt0387564/,movie,7.7,103,2004,"Crime, Horror, Mystery, Thriller",329114,2004-01-19,James Wan
90,tt0432348,2013-12-09,2013-12-09,,Saw II,http://www.imdb.com/title/tt0432348/,movie,6.6,93,2005,"Horror, Mystery",204758,2005-10-28,Darren Lynn Bousman
91,tt0489270,2013-12-10,2013-12-10,,Saw III,http://www.imdb.com/title/tt0489270/,movie,6.2,108,2006,Horror,155558,2006-10-26,Darren Lynn Bousman
92,tt0890870,2013-12-10,2013-12-10,,Saw IV,http://www.imdb.com/title/tt0890870/,movie,5.9,93,2007,"Horror, Mystery",122065,2007-10-25,Darren Lynn Bousman
93,tt1132626,2013-12-11,2013-12-11,,Saw V,http://www.imdb.com/title/tt1132626/,movie,5.8,92,2008,"Horror, Mystery",98302,2008-10-23,David Hackl
94,tt1233227,2013-12-12,2013-12-12,,Saw VI,http://www.imdb.com/title/tt1233227/,movie,6.0,90,2009,"Horror, Mystery",85602,2009-10-22,Kevin Greutert
95,tt2278871,2013-12-13,2013-12-13,,La vie d'Adèle,http://www.imdb.com/title/tt2278871/,movie,7.8,180,2013,"Drama, Romance",109725,2013-05-23,Abdellatif Kechiche
96,tt2167873,2013-12-14,2013-12-14,,Rouva Presidentti,http://www.imdb.com/title/tt2167873/,movie,5.6,90,2012,Documentary,176,2012-03-30,Aleksi Bardy
97,tt1411274,2013-12-14,2013-12-14,,Laulu koti-ikävästä,http://www.imdb.com/title/tt1411274/,movie,7.2,90,2012,"Documentary, Drama, Music, Musical",267,2012-09-23,Mika Ronkainen
98,tt0073076,2013-12-16,2013-12-16,,Grey Gardens,http://www.imdb.com/title/tt0073076/,movie,7.7,94,1975,"Documentary, Comedy, Drama",9520,1975-09-27,"David Maysles, Muffie Meyer, Ellen Hovde, Albert Maysles"
99,tt1477076,2013-12-16,2013-12-16,,Saw 3D,http://www.imdb.com/title/tt1477076/,movie,5.6,90,2010,"Horror, Mystery",76370,2010-10-22,Kevin Greutert
100,tt2106476,2013-12-19,2013-12-19,,Jagten,http://www.imdb.com/title/tt2106476/,movie,8.3,115,2012,Drama,206757,2012-05-20,Thomas Vinterberg
101,tt0100895,2013-12-21,2013-12-21,,Vääpeli Körmy ja marsalkan sauva,http://www.imdb.com/title/tt0100895/,movie,5.4,111,1990,Comedy,543,1990-11-02,Ere Kokkonen
102,tt1034314,2013-12-22,2013-12-22,,Iron Sky,http://www.imdb.com/title/tt1034314/,movie,5.9,93,2012,"Action, Comedy, Sci-Fi",83661,2012-02-11,Timo Vuorensola
103,tt2205100,2013-12-22,2013-12-22,,Uroot,http://www.imdb.com/title/tt2205100/,short,5.1,8,2011,"Short, Comedy",35,2012-09-01,Oskari Sipola
104,tt2478166,2013-12-22,2013-12-22,,Poliisi selvittää,http://www.imdb.com/title/tt2478166/,short,5.6,8,2012,"Short, Comedy",50,2012-03-08,Aleksi Salmenperä
105,tt2328024,2013-12-22,2013-12-22,,I've Only Just Begun,http://www.imdb.com/title/tt2328024/,short,6.1,6,2012,"Short, Action, Drama, Musical",51,2012-08-08,Elias Koskimies
106,tt2247154,2013-12-22,2013-12-22,,Treffit,http://www.imdb.com/title/tt2247154/,short,6.0,7,2012,"Short, Comedy, Drama",105,2012-09-22,Jenni Toivoniemi
107,tt2256646,2013-12-22,2013-12-22,,Pitääkö mun kaikki hoitaa?,http://www.imdb.com/title/tt2256646/,short,6.7,7,2012,"Short, Comedy, Drama, Family",884,2012-02-17,Selma Vilhunen
108,tt2335836,2013-12-22,2013-12-22,,Sano kiitos ja tanssi,http://www.imdb.com/title/tt2335836/,short,6.0,6,2012,"Short, Comedy, Drama",78,2012-08-09,Antti Heikki Pesonen
109,tt1908559,2013-12-22,2013-12-22,,Sielunsieppaaja,http://www.imdb.com/title/tt1908559/,short,5.8,14,2011,"Documentary, Short, Drama",19,2011-03-10,P.V. Lehtinen
110,tt2183122,2013-12-22,2013-12-22,,Svamp,http://www.imdb.com/title/tt2183122/,short,4.9,9,2011,"Short, Comedy, Drama",42,2011-01-29,Charlotta Miller
111,tt0103228,2013-12-23,2013-12-23,,Vääpeli Körmy ja vetenalaiset vehkeet,http://www.imdb.com/title/tt0103228/,movie,4.9,87,1991,Comedy,538,1991-10-18,Ere Kokkonen
112,tt0243155,2013-12-24,2013-12-24,,Bridget Jones's Diary,http://www.imdb.com/title/tt0243155/,movie,6.7,97,2001,"Comedy, Drama, Romance",191641,2001-04-04,Sharon Maguire
113,tt1379182,2013-12-26,2013-12-26,,Kynodontas,http://www.imdb.com/title/tt1379182/,movie,7.3,94,2009,"Drama, Thriller",55858,2009-05-18,Yorgos Lanthimos
114,tt0469021,2013-12-27,2013-12-27,,Alan Partridge: Alpha Papa,http://www.imdb.com/title/tt0469021/,movie,7.0,90,2013,"Comedy, Crime",26283,2013-07-24,Declan Lowney
115,tt0400497,2013-12-29,2013-12-29,,Herbie Fully Loaded,http://www.imdb.com/title/tt0400497/,movie,4.8,101,2005,"Adventure, Comedy, Family, Fantasy, Romance, Sport",39493,2005-06-19,Angela Robinson
116,tt0493459,2013-12-29,2013-12-29,,This Film Is Not Yet Rated,http://www.imdb.com/title/tt0493459/,movie,7.5,98,2006,Documentary,26146,2006-01-25,Kirby Dick
117,tt0181288,2013-12-29,2013-12-29,,American Movie,http://www.imdb.com/title/tt0181288/,movie,7.9,107,1999,"Documentary, Comedy",14653,1999-01-01,Chris Smith
118,tt0110057,2013-12-29,2013-12-29,,Hoop Dreams,http://www.imdb.com/title/tt0110057/,movie,8.3,170,1994,"Documentary, Drama, Sport",20936,1994-01-01,Steve James
119,tt1093824,2013-12-29,2013-12-29,,Encounters at the End of the World,http://www.imdb.com/title/tt1093824/,movie,7.8,99,2007,Documentary,15142,2007-09-01,Werner Herzog
120,tt2125653,2013-12-31,2013-12-31,,The House I Live In,http://www.imdb.com/title/tt2125653/,movie,7.9,108,2012,Documentary,4862,2012-01-21,Eugene Jarecki
121,tt0217505,2014-01-04,2014-01-04,,Gangs of New York,http://www.imdb.com/title/tt0217505/,movie,7.5,167,2002,"Crime, Drama",345071,2002-12-09,Martin Scorsese
122,tt0142688,2014-01-06,2014-01-06,,The Ninth Gate,http://www.imdb.com/title/tt0142688/,movie,6.7,133,1999,"Mystery, Thriller",146359,1999-08-25,Roman Polanski
123,tt1028532,2014-01-10,2014-01-10,,Hachi: A Dog's Tale,http://www.imdb.com/title/tt1028532/,movie,8.1,93,2009,"Drama, Family",191692,2009-06-13,Lasse Hallström
124,tt2132285,2014-01-12,2014-01-12,,The Bling Ring,http://www.imdb.com/title/tt2132285/,movie,5.6,90,2013,"Biography, Crime, Drama",73594,2013-05-16,Sofia Coppola
125,tt2545118,2014-01-13,2014-01-13,,Blackfish,http://www.imdb.com/title/tt2545118/,movie,8.1,83,2013,"Documentary, Drama",52036,2013-01-19,Gabriela Cowperthwaite
126,tt2064713,2014-01-14,2014-01-14,,A Band Called Death,http://www.imdb.com/title/tt2064713/,movie,7.5,96,2012,"Documentary, Biography, Music",3042,2012-06-16,"Mark Christopher Covino, Jeff Howlett"
127,tt2366450,2014-01-15,2014-01-15,,Stories We Tell,http://www.imdb.com/title/tt2366450/,movie,7.6,108,2012,Documentary,10453,2012-08-30,Sarah Polley
128,tt2085910,2014-01-15,2014-01-15,,Room 237,http://www.imdb.com/title/tt2085910/,movie,6.2,102,2012,Documentary,18404,2012-01-23,Rodney Ascher
129,tt2130321,2014-01-15,2014-01-15,,West of Memphis,http://www.imdb.com/title/tt2130321/,movie,7.9,147,2012,"Documentary, Crime",8492,2012-01-21,Amy Berg
130,tt1277936,2014-01-15,2014-01-15,,Cropsey,http://www.imdb.com/title/tt1277936/,movie,6.4,84,2009,"Documentary, Crime, Horror, Mystery",6418,2009-04-25,"Barbara Brancaccio, Joshua Zeman"
131,tt1151309,2014-01-16,2014-01-16,,Bigger Stronger Faster*,http://www.imdb.com/title/tt1151309/,movie,7.6,105,2008,"Documentary, Sport",12403,2008-01-19,Chris Bell
132,tt2492916,2014-01-17,2014-01-17,,Muscle Shoals,http://www.imdb.com/title/tt2492916/,movie,7.7,111,2013,"Documentary, Biography, History, Music",3042,2013-01-26,Greg 'Freddy' Camalier
133,tt2370248,2014-01-18,2014-01-18,,Short Term 12,http://www.imdb.com/title/tt2370248/,movie,8.0,96,2013,Drama,65709,2013-03-10,Destin Daniel Cretton
134,tt2296697,2014-01-18,2014-01-18,,Concussion,http://www.imdb.com/title/tt2296697/,movie,5.7,96,2013,Drama,3389,2013-01-19,Stacie Passon
135,tt2024544,2014-01-18,2014-01-18,,12 Years a Slave,http://www.imdb.com/title/tt2024544/,movie,8.1,134,2013,"Biography, Drama, History",514622,2013-08-30,Steve McQueen
136,tt1457767,2014-01-19,2014-01-19,,The Conjuring,http://www.imdb.com/title/tt1457767/,movie,7.5,112,2013,"Horror, Mystery, Thriller",349422,2013-06-08,James Wan
137,tt2088714,2014-01-19,2014-01-19,,Call Me Kuchu,http://www.imdb.com/title/tt2088714/,movie,7.6,87,2012,"Documentary, Drama",680,2012-02-11,"Malika Zouhali-Worrall, Katherine Fairfax Wright"
138,tt1934269,2014-01-20,2014-01-20,,Yossi,http://www.imdb.com/title/tt1934269/,movie,7.0,84,2012,"Drama, Romance",2435,2012-04-19,Eytan Fox
139,tt3479540,2014-01-24,2014-01-24,,Loputon Gehennan liekki,http://www.imdb.com/title/tt3479540/,movie,6.6,51,2011,"Documentary, Music",152,2011-10-27,Sami Kettunen
140,tt2521668,2014-01-26,2014-01-26,,Les Revenants,http://www.imdb.com/title/tt2521668/,tvSeries,8.2,52,2012,"Drama, Fantasy, Horror, Mystery",17427,2012-11-26,
141,tt2910328,2014-01-30,2014-01-30,,No Fire Zone: The Killing Fields of Sri Lanka,http://www.imdb.com/title/tt2910328/,movie,6.6,49,2013,"Documentary, Crime",304,2013-03-23,Callum Macrae
142,tt1682181,2014-02-07,2014-02-07,,Bully,http://www.imdb.com/title/tt1682181/,movie,7.4,98,2011,Documentary,9351,2011-04-23,Lee Hirsch
143,tt2306745,2014-02-07,2014-02-07,,Sound City,http://www.imdb.com/title/tt2306745/,movie,7.8,107,2013,"Documentary, Music",10822,2013-01-18,Dave Grohl
144,tt0993846,2014-02-09,2014-02-09,,The Wolf of Wall Street,http://www.imdb.com/title/tt0993846/,movie,8.2,180,2013,"Biography, Comedy, Crime, Drama",914484,2013-12-17,Martin Scorsese
145,tt1937390,2014-02-10,2014-02-10,,Nymphomaniac: Vol. I,http://www.imdb.com/title/tt1937390/,movie,7.0,117,2013,Drama,95762,2013-12-25,Lars von Trier
146,tt2382009,2014-02-10,2014-02-10,,Nymphomaniac: Vol. II,http://www.imdb.com/title/tt2382009/,movie,6.7,123,2013,Drama,69938,2013-12-25,Lars von Trier
147,tt0870984,2014-02-11,2014-02-11,,Antichrist,http://www.imdb.com/title/tt0870984/,movie,6.6,108,2009,"Drama, Horror",97804,2009-05-18,Lars von Trier
148,tt0072235,2014-02-15,2014-02-15,,Sweet Movie,http://www.imdb.com/title/tt0072235/,movie,6.3,98,1974,"Comedy, Drama, Mystery",4487,1974-05-01,Dusan Makavejev
149,tt1800241,2014-03-08,2014-03-08,,American Hustle,http://www.imdb.com/title/tt1800241/,movie,7.3,138,2013,"Crime, Drama",390879,2013-12-12,David O. Russell
150,tt2355540,2014-03-09,2014-03-09,,Cutie and the Boxer,http://www.imdb.com/title/tt2355540/,movie,7.2,82,2013,"Documentary, Biography",4107,2013-01-19,Zachary Heinzerling
151,tt0125439,2014-03-13,2014-03-13,,Notting Hill,http://www.imdb.com/title/tt0125439/,movie,7.1,124,1999,"Comedy, Drama, Romance",224142,1999-05-13,Roger Michell
152,tt2862392,2014-03-28,2014-03-28,,Näin unta elämästä,http://www.imdb.com/title/tt2862392/,movie,7.2,76,2014,Documentary,86,2014-03-28,"Jukka Kärkkäinen, Sini Liimatainen"
153,tt2243246,2014-04-04,2014-04-04,,Alcan Highway,http://www.imdb.com/title/tt2243246/,movie,6.9,75,2013,"Documentary, Drama",185,2013-03-07,Aleksi Salmenperä
154,tt0137523,2014-04-19,2014-04-19,,Fight Club,http://www.imdb.com/title/tt0137523/,movie,8.8,139,1999,Drama,1517120,1999-09-10,David Fincher
155,tt2727008,2014-04-24,2014-04-24,,Rites of Blood,http://www.imdb.com/title/tt2727008/,video,4.0,98,2004,Horror,15,2004-09-03,Sami Haavisto
156,tt0903747,2014-05-17,2014-05-17,,Breaking Bad,http://www.imdb.com/title/tt0903747/,tvSeries,9.5,49,2008,"Crime, Drama, Thriller",1046982,2008-01-20,
157,tt1545103,2014-05-18,2014-05-18,,Rush: Beyond the Lighted Stage,http://www.imdb.com/title/tt1545103/,movie,8.5,107,2010,"Documentary, Biography, Music",3338,2010-04-24,"Sam Dunn, Scot McFadyen"
158,tt2358891,2014-06-15,2014-06-15,,La grande bellezza,http://www.imdb.com/title/tt2358891/,movie,7.8,141,2013,Drama,64922,2013-05-21,Paolo Sorrentino
159,tt1014799,2014-07-06,2014-07-06,,Holy Wars,http://www.imdb.com/title/tt1014799/,movie,7.4,84,2010,Documentary,149,2010-01-01,Stephen Marshall
160,tt0060675,2014-07-16,2014-07-16,,Masculin féminin,http://www.imdb.com/title/tt0060675/,movie,7.6,110,1966,"Drama, Romance",9776,1966-03-22,Jean-Luc Godard
161,tt0165798,2014-07-22,2014-07-22,,Ghost Dog: The Way of the Samurai,http://www.imdb.com/title/tt0165798/,movie,7.5,116,1999,"Action, Crime, Drama, Thriller",75552,1999-05-19,Jim Jarmusch
162,tt2581244,2014-08-05,2014-08-05,,Life After Beth,http://www.imdb.com/title/tt2581244/,movie,5.6,89,2014,"Comedy, Horror, Romance",15867,2014-01-19,Jeff Baena
163,tt2567712,2014-08-06,2014-08-06,,Starred Up,http://www.imdb.com/title/tt2567712/,movie,7.4,106,2013,"Crime, Drama",36325,2013-08-30,David Mackenzie
164,tt2425486,2014-08-08,2014-08-08,,Gloria,http://www.imdb.com/title/tt2425486/,movie,6.7,110,2013,"Comedy, Drama, Romance",6730,2013-02-10,Sebastián Lelio
165,tt2504022,2014-08-10,2014-08-10,,Narco Cultura,http://www.imdb.com/title/tt2504022/,movie,7.2,103,2013,Documentary,2212,2013-01-21,Shaul Schwarz
166,tt3326366,2014-08-11,2014-08-11,,Whitey: United States of America v. James J. Bulger,http://www.imdb.com/title/tt3326366/,movie,6.8,107,2014,"Documentary, Biography, Crime",2594,2014-01-18,Joe Berlinger
167,tt0085518,2014-08-11,2014-08-11,,Faces of Death II,http://www.imdb.com/title/tt0085518/,movie,3.3,85,1981,"Documentary, Horror",1489,1981-05-01,John Alan Schwartz
168,tt0150490,2014-08-12,2014-08-12,,Executions,http://www.imdb.com/title/tt0150490/,video,6.5,56,1995,Documentary,402,1995-06-01,"David Monaghan, David Herman, Arun Kumar"
169,tt2396566,2014-08-19,2014-08-19,,Twenty Feet from Stardom,http://www.imdb.com/title/tt2396566/,movie,7.4,91,2013,"Documentary, Music",10523,2013-01-17,Morgan Neville
170,tt1800266,2014-08-19,2014-08-19,,Brooklyn Castle,http://www.imdb.com/title/tt1800266/,movie,7.3,101,2012,Documentary,842,2012-03-11,Katie Dellamaggiore
171,tt2421230,2014-08-22,2014-08-22,,Aikuisten poika,http://www.imdb.com/title/tt2421230/,movie,5.7,94,2014,"Comedy, Drama",125,2014-08-29,Juha Lehtola
172,tt3074732,2014-08-23,2014-08-23,,Hross í oss,http://www.imdb.com/title/tt3074732/,movie,6.9,81,2013,"Comedy, Drama, Romance",2433,2013-08-28,Benedikt Erlingsson
173,tt2245223,2014-08-26,2014-08-26,,The Source Family,http://www.imdb.com/title/tt2245223/,movie,7.0,98,2012,"Documentary, Music",813,2012-03-07,"Jodi Wille, Maria Demopoulos"
174,tt2290151,2014-08-30,2014-08-30,,Big Star: Nothing Can Hurt Me,http://www.imdb.com/title/tt2290151/,movie,7.1,113,2012,"Documentary, Music",1075,2012-03-15,"Olivia Mori, Drew DeNicola"
175,tt3199456,2014-09-10,2014-09-10,,The Return to Homs,http://www.imdb.com/title/tt3199456/,movie,7.7,94,2013,"Documentary, Biography, History, News, War",887,2013-11-20,Talal Derki
176,tt2374902,2014-09-20,2014-09-20,,Málmhaus,http://www.imdb.com/title/tt2374902/,movie,7.1,97,2013,Drama,4540,2013-09-07,Ragnar Bragason
177,tt1815717,2014-09-21,2014-09-21,,Gerontophilia,http://www.imdb.com/title/tt1815717/,movie,6.1,82,2013,"Comedy, Romance",1894,2013-08-28,Bruce La Bruce
178,tt3123178,2014-09-22,2014-09-22,,De Umoralske,http://www.imdb.com/title/tt3123178/,movie,5.1,87,2013,Comedy,25,2013-09-09,Lars Daniel Krutzkoff Jacobsen
179,tt2798170,2014-09-24,2014-09-24,,Jeg er din,http://www.imdb.com/title/tt2798170/,movie,6.2,100,2013,Drama,556,2013-08-16,Iram Haq
180,tt2363178,2014-09-24,2014-09-24,,Hotell,http://www.imdb.com/title/tt2363178/,movie,6.4,97,2013,Drama,1845,2013-09-06,Lisa Langseth
181,tt0445336,2014-09-25,2014-09-25,,Du levande,http://www.imdb.com/title/tt0445336/,movie,7.5,95,2007,"Comedy, Drama, Music",11843,2007-05-24,Roy Andersson
182,tt3362914,2014-09-26,2014-09-26,,We Come as Friends,http://www.imdb.com/title/tt3362914/,movie,7.5,110,2014,Documentary,548,2014-01-18,Hubert Sauper
183,tt3660370,2014-09-27,2014-09-27,,Party Girl,http://www.imdb.com/title/tt3660370/,movie,6.4,96,2014,Drama,929,2014-05-15,"Claire Burger, Marie Amachoukeli-Barsacq, Samuel Theis"
184,tt3576084,2014-09-27,2014-09-27,,Efes beyahasei enosh,http://www.imdb.com/title/tt3576084/,movie,7.4,97,2014,"Comedy, Drama",3310,2014-04-17,Talya Lavie
185,tt2717558,2014-09-28,2014-09-28,,On the Job,http://www.imdb.com/title/tt2717558/,movie,7.0,118,2013,"Action, Crime, Drama, Thriller",2134,2013-05-24,Erik Matti
186,tt2712884,2014-10-08,2014-10-08,,Ulvilan murhamysteeri,http://www.imdb.com/title/tt2712884/,movie,6.7,83,2014,Documentary,185,2014-06-13,Pekka Lehto
187,tt2712878,2014-10-09,2014-10-09,,Monsterimies,http://www.imdb.com/title/tt2712878/,movie,6.4,85,2014,"Documentary, Biography, Drama, Horror, Music",200,2014-09-24,Antti Haase
188,tt2402091,2014-11-09,2014-11-09,,Återträffen,http://www.imdb.com/title/tt2402091/,movie,6.9,90,2013,Drama,4079,2013-09-03,Anna Odell
189,tt3552326,2014-11-14,2014-11-14,,Brooklynin pojat,http://www.imdb.com/title/tt3552326/,movie,6.7,69,2014,"Documentary, Drama, Family",14,2014-09-05,Inderjit Kaur Khalsa
190,tt2048877,2014-11-15,2014-11-15,,The Ambassador,http://www.imdb.com/title/tt2048877/,movie,7.3,93,2011,Documentary,3392,2011-10-05,Mads Brügger
191,tt1179947,2014-11-16,2014-11-16,,American: The Bill Hicks Story,http://www.imdb.com/title/tt1179947/,movie,7.8,102,2009,"Documentary, Animation, Biography, Comedy",4433,2009-10-23,"Matt Harlock, Paul Thomas"
192,tt0887912,2014-11-16,2014-11-16,,The Hurt Locker,http://www.imdb.com/title/tt0887912/,movie,7.6,131,2008,"Drama, History, Thriller, War",364030,2008-09-04,Kathryn Bigelow
193,tt0062165,2014-11-21,2014-11-21,,Pähkähullu Suomi,http://www.imdb.com/title/tt0062165/,movie,6.6,84,1967,Comedy,351,1967-08-25,Jukka Virtanen
194,tt2942522,2014-11-22,2014-11-22,,Moebiuseu,http://www.imdb.com/title/tt2942522/,movie,6.5,89,2013,"Drama, Horror",3785,2013-09-03,Ki-duk Kim
195,tt1790885,2014-11-25,2014-11-25,,Zero Dark Thirty,http://www.imdb.com/title/tt1790885/,movie,7.4,157,2012,"Drama, Thriller",234045,2012-12-19,Kathryn Bigelow
196,tt2737050,2014-11-26,2014-11-26,,"Deux jours, une nuit",http://www.imdb.com/title/tt2737050/,movie,7.4,95,2014,Drama,37880,2014-05-20,"Luc Dardenne, Jean-Pierre Dardenne"
197,tt0069191,2014-11-27,2014-11-27,,Roma,http://www.imdb.com/title/tt0069191/,movie,7.4,120,1972,"Comedy, Drama",9514,1972-03-09,Federico Fellini
198,tt0070860,2014-11-28,2014-11-28,,Uuno Turhapuro,http://www.imdb.com/title/tt0070860/,movie,6.1,87,1973,Comedy,816,1973-08-24,Ere Kokkonen
199,tt0134854,2014-11-29,2014-11-29,,Noin 7 veljestä,http://www.imdb.com/title/tt0134854/,movie,6.6,93,1968,Comedy,464,1968-08-23,Jukka Virtanen
200,tt0073581,2014-12-05,2014-12-05,,Professori Uuno D.G. Turhapuro,http://www.imdb.com/title/tt0073581/,movie,5.9,86,1975,Comedy,567,1975-08-29,Ere Kokkonen
201,tt1951261,2014-12-20,2014-12-20,,The Hangover Part III,http://www.imdb.com/title/tt1951261/,movie,5.9,100,2013,"Comedy, Crime",248853,2013-05-20,Todd Phillips
202,tt1523483,2014-12-27,2014-12-27,,Kaboom,http://www.imdb.com/title/tt1523483/,movie,5.7,86,2010,"Comedy, Mystery, Romance, Sci-Fi, Thriller",11206,2010-05-15,Gregg Araki
203,tt1327820,2014-12-28,2014-12-28,,Broderskab,http://www.imdb.com/title/tt1327820/,movie,6.9,97,2009,"Drama, Romance",2789,2009-10-21,Nicolo Donato
204,tt2788710,2014-12-28,2014-12-28,,The Interview,http://www.imdb.com/title/tt2788710/,movie,6.6,112,2014,Comedy,269877,2014-12-11,"Evan Goldberg, Seth Rogen"
205,tt0059037,2014-12-28,2014-12-28,,The Cincinnati Kid,http://www.imdb.com/title/tt0059037/,movie,7.3,102,1965,Drama,12766,1965-10-15,Norman Jewison
206,tt1116184,2015-01-01,2015-01-01,,Jackass 3D,http://www.imdb.com/title/tt1116184/,movie,7.0,95,2010,"Documentary, Action, Comedy",50696,2010-10-11,Jeff Tremaine
207,tt3506224,2015-01-01,2015-01-01,,Presidentintekijät,http://www.imdb.com/title/tt3506224/,movie,5.7,79,2014,Documentary,123,2014-03-06,Tuukka Temonen
208,tt1973692,2015-01-03,2015-01-03,,Rita,http://www.imdb.com/title/tt1973692/,tvSeries,8.1,40,2012,"Comedy, Drama",3455,2012-02-09,
209,tt2356777,2015-01-10,2015-01-10,,True Detective,http://www.imdb.com/title/tt2356777/,tvSeries,9.0,55,2014,"Crime, Drama, Mystery, Thriller",383000,2014-01-12,
210,tt3169706,2015-01-15,2015-01-15,,Pride,http://www.imdb.com/title/tt3169706/,movie,7.8,119,2014,"Biography, Comedy, Drama, History, Romance",42076,2014-05-23,Matthew Warchus
211,tt2582802,2015-01-24,2015-01-24,,Whiplash,http://www.imdb.com/title/tt2582802/,movie,8.5,107,2014,"Drama, Music",519063,2014-01-16,Damien Chazelle
212,tt3704008,2015-02-01,2015-02-01,,Of Men and War,http://www.imdb.com/title/tt3704008/,movie,6.8,142,2014,"Documentary, History, War",124,2014-05-21,Laurent Bécue-Renard
213,tt1809398,2015-02-15,2015-02-15,,Unbroken,http://www.imdb.com/title/tt1809398/,movie,7.2,137,2014,"Biography, Drama, Sport, War",119755,2014-11-17,Angelina Jolie
214,tt2121382,2015-02-16,2015-02-16,,Turist,http://www.imdb.com/title/tt2121382/,movie,7.3,120,2014,"Comedy, Drama",35776,2014-05-18,Ruben Östlund
215,tt2718492,2015-02-19,2015-02-19,,Ida,http://www.imdb.com/title/tt2718492/,movie,7.4,82,2013,Drama,40957,2013-08-30,Pawel Pawlikowski
216,tt2084970,2015-02-21,2015-02-21,,The Imitation Game,http://www.imdb.com/title/tt2084970/,movie,8.0,114,2014,"Biography, Drama, History, Thriller, War",558632,2014-08-29,Morten Tyldum
217,tt2179136,2015-02-22,2015-02-22,,American Sniper,http://www.imdb.com/title/tt2179136/,movie,7.3,133,2014,"Action, Biography, Drama, History, Thriller, War",368882,2014-11-11,Clint Eastwood
218,tt4044364,2015-02-22,2015-02-22,,Citizenfour,http://www.imdb.com/title/tt4044364/,movie,8.1,114,2014,"Documentary, Biography",44521,2014-10-10,Laura Poitras
219,tt2267998,2015-02-22,2015-02-22,,Gone Girl,http://www.imdb.com/title/tt2267998/,movie,8.1,149,2014,"Crime, Drama, Mystery, Thriller",675310,2014-09-26,David Fincher
220,tt1164999,2015-03-01,2015-03-01,,Biutiful,http://www.imdb.com/title/tt1164999/,movie,7.5,148,2010,"Drama, Romance",75419,2010-05-17,Alejandro G. Iñárritu
221,tt3416742,2015-03-01,2015-03-01,,What We Do in the Shadows,http://www.imdb.com/title/tt3416742/,movie,7.6,86,2014,"Comedy, Horror",97930,2014-01-19,"Jemaine Clement, Taika Waititi"
222,tt1100089,2015-03-05,2015-03-05,,Foxcatcher,http://www.imdb.com/title/tt1100089/,movie,7.0,134,2014,"Biography, Drama, Sport",118405,2014-05-19,Bennett Miller
223,tt2088003,2015-03-23,2015-03-23,,Big Game,http://www.imdb.com/title/tt2088003/,movie,5.4,90,2014,"Action, Adventure",25341,2014-09-05,Jalmari Helander
224,tt2326554,2015-03-28,2015-03-28,,A Girl Walks Home Alone at Night,http://www.imdb.com/title/tt2326554/,movie,7.0,101,2014,"Drama, Horror",23352,2014-01-19,Ana Lily Amirpour
225,tt1821549,2015-03-30,2015-03-30,,Nebraska,http://www.imdb.com/title/tt1821549/,movie,7.7,115,2013,"Adventure, Comedy, Drama",99030,2013-05-23,Alexander Payne
226,tt1823672,2015-04-07,2015-04-07,,Chappie,http://www.imdb.com/title/tt1823672/,movie,6.8,120,2015,"Action, Crime, Drama, Sci-Fi, Thriller",198344,2015-03-04,Neill Blomkamp
227,tt3428308,2015-04-08,2015-04-08,,Tolonen,http://www.imdb.com/title/tt3428308/,movie,6.3,75,2014,"Documentary, Biography, Music",60,2014-05-02,Lasse Keso
228,tt2802154,2015-04-18,2015-04-18,,Leviafan,http://www.imdb.com/title/tt2802154/,movie,7.6,140,2014,"Crime, Drama",37886,2014-05-23,Andrey Zvyagintsev
229,tt2315200,2015-04-23,2015-04-23,,"Les garçons et Guillaume, à table!",http://www.imdb.com/title/tt2315200/,movie,6.7,85,2013,Comedy,6345,2013-05-20,Guillaume Gallienne
230,tt2980516,2015-05-01,2015-05-01,,The Theory of Everything,http://www.imdb.com/title/tt2980516/,movie,7.7,123,2014,"Biography, Drama, Romance",317011,2014-09-07,James Marsh
231,tt1772925,2015-05-01,2015-05-01,,Jiro Dreams of Sushi,http://www.imdb.com/title/tt1772925/,movie,7.9,81,2011,Documentary,28218,2011-06-15,David Gelb
232,tt3707488,2015-05-09,2015-05-09,,Kihniö,http://www.imdb.com/title/tt3707488/,movie,7.4,52,2015,Documentary,17,2015-01-29,Saija Mäki-Nevala
233,tt3034418,2015-08-29,2015-08-29,,Love Island,http://www.imdb.com/title/tt3034418/,movie,5.8,86,2014,"Comedy, Romance",280,2014-08-08,Jasmila Zbanic
234,tt2096673,2015-08-29,2015-08-29,,Inside Out,http://www.imdb.com/title/tt2096673/,movie,8.2,95,2015,"Animation, Adventure, Comedy, Drama, Family, Fantasy",453292,2015-05-18,"Pete Docter, Ronnie Del Carmen"
235,tt0274812,2015-08-29,2015-08-29,,Secretary,http://www.imdb.com/title/tt0274812/,movie,7.0,107,2002,"Comedy, Drama, Romance",72792,2002-01-11,Steven Shainberg
236,tt1323594,2015-08-29,2015-08-29,,Despicable Me,http://www.imdb.com/title/tt1323594/,movie,7.7,95,2010,"Animation, Adventure, Comedy, Family",427992,2010-06-20,"Chris Renaud, Pierre Coffin"
237,tt1690953,2015-08-29,2015-08-29,,Despicable Me 2,http://www.imdb.com/title/tt1690953/,movie,7.4,98,2013,"Animation, Adventure, Comedy, Family, Sci-Fi",318304,2013-06-16,"Chris Renaud, Pierre Coffin"
238,tt3824386,2015-09-01,2015-09-01,,Lava,http://www.imdb.com/title/tt3824386/,short,7.2,7,2014,"Animation, Short, Family, Musical, Romance",11178,2014-10-10,James Ford Murphy
239,tt1702429,2015-09-01,2015-09-01,,Eisenstein in Guanajuato,http://www.imdb.com/title/tt1702429/,movie,6.3,105,2015,"Biography, Comedy, Drama, Romance",1986,2015-02-11,Peter Greenaway
240,tt3833746,2015-09-02,2015-09-02,,The Visit,http://www.imdb.com/title/tt3833746/,movie,6.0,83,2015,Documentary,603,2015-01-25,Michael Madsen
241,tt2293640,2015-09-06,2015-09-06,,Minions,http://www.imdb.com/title/tt2293640/,movie,6.4,91,2015,"Animation, Action, Adventure, Comedy, Family",173046,2015-06-11,"Kyle Balda, Pierre Coffin"
242,tt3121332,2015-09-18,2015-09-18,,Nasty Baby,http://www.imdb.com/title/tt3121332/,movie,5.6,101,2015,Drama,1929,2015-01-24,Sebastián Silva
243,tt2570858,2015-09-19,2015-09-19,,The Duke of Burgundy,http://www.imdb.com/title/tt2570858/,movie,6.6,104,2014,"Drama, Mystery, Romance",9196,2014-09-06,Peter Strickland
244,tt0903657,2015-09-19,2015-09-19,,Love & Mercy,http://www.imdb.com/title/tt0903657/,movie,7.4,121,2014,"Biography, Drama, Music",29277,2014-09-07,Bill Pohlad
245,tt3589290,2015-09-19,2015-09-19,,La cérémonie,http://www.imdb.com/title/tt3589290/,movie,5.9,78,2014,Documentary,128,2014-11-08,Lina Mannheimer
246,tt3538328,2015-09-19,2015-09-19,,We Are Twisted Fucking Sister!,http://www.imdb.com/title/tt3538328/,movie,7.1,135,2014,"Documentary, Biography, Comedy, History, Music",1148,2014-05-09,Andrew Horn
247,tt4188192,2015-09-19,2015-09-19,,The Ecstasy of Wilko Johnson,http://www.imdb.com/title/tt4188192/,movie,7.6,92,2015,Documentary,212,2015-03-17,Julien Temple
248,tt4270516,2015-09-20,2015-09-20,,Grandma,http://www.imdb.com/title/tt4270516/,movie,6.7,79,2015,"Comedy, Drama",12331,2015-01-30,Paul Weitz
249,tt4226388,2015-09-20,2015-09-20,,Victoria,http://www.imdb.com/title/tt4226388/,movie,7.7,138,2015,"Crime, Drama, Romance, Thriller",38168,2015-02-07,Sebastian Schipper
250,tt3172532,2015-09-20,2015-09-20,,The Diary of a Teenage Girl,http://www.imdb.com/title/tt3172532/,movie,6.9,102,2015,"Drama, Romance",23862,2015-01-24,Marielle Heller
251,tt4168502,2015-09-21,2015-09-21,,Un Français,http://www.imdb.com/title/tt4168502/,movie,6.2,98,2015,Drama,842,2015-06-10,Diastème
252,tt4685750,2015-09-21,2015-09-21,,Much Loved,http://www.imdb.com/title/tt4685750/,movie,6.2,104,2015,Drama,1353,2015-05-19,Nabil Ayouch
253,tt3416744,2015-09-22,2015-09-22,,The End of the Tour,http://www.imdb.com/title/tt3416744/,movie,7.3,106,2015,"Biography, Drama",22734,2015-01-23,James Ponsoldt
254,tt3749338,2015-09-22,2015-09-22,,Flocken,http://www.imdb.com/title/tt3749338/,movie,6.4,110,2015,"Drama, Thriller",475,2015-02-08,Beata Gårdeler
255,tt3168230,2015-09-23,2015-09-23,,Mr. Holmes,http://www.imdb.com/title/tt3168230/,movie,6.9,104,2015,"Drama, Mystery",52571,2015-02-08,Bill Condon
256,tt2125501,2015-09-23,2015-09-23,,"Electric Boogaloo: The Wild, Untold Story of Cannon Films",http://www.imdb.com/title/tt2125501/,movie,7.4,106,2014,Documentary,4122,2014-08-02,Mark Hartley
257,tt4861730,2015-09-24,2015-09-24,,The Reflektor Tapes,http://www.imdb.com/title/tt4861730/,movie,6.0,75,2015,"Documentary, Music",315,2015-09-12,Kahlil Joseph
258,tt3791302,2015-09-25,2015-09-25,,La tête haute,http://www.imdb.com/title/tt3791302/,movie,7.0,120,2015,Drama,2463,2015-05-13,Emmanuelle Bercot
259,tt4362764,2015-09-26,2015-09-26,,Crumbs,http://www.imdb.com/title/tt4362764/,movie,6.0,68,2015,"Adventure, Fantasy, Mystery, Sci-Fi",347,2015-01-27,Miguel Llansó
260,tt2268622,2015-09-26,2015-09-26,,808,http://www.imdb.com/title/tt2268622/,movie,7.1,107,2015,"Documentary, Music",223,2015-03-20,Alexander Dunn
261,tt2172554,2015-09-27,2015-09-27,,Vonarstræti,http://www.imdb.com/title/tt2172554/,movie,7.4,129,2014,Drama,1317,2014-05-16,Baldvin Zophoníasson
262,tt2948840,2015-09-27,2015-09-27,,Life,http://www.imdb.com/title/tt2948840/,movie,6.0,111,2015,"Biography, Drama",5891,2015-02-09,Anton Corbijn
263,tt4257858,2015-10-07,2015-10-07,,Going Clear: Scientology & the Prison of Belief,http://www.imdb.com/title/tt4257858/,movie,8.1,119,2015,Documentary,30493,2015-01-25,Alex Gibney
264,tt3397884,2015-10-11,2015-10-11,,Sicario,http://www.imdb.com/title/tt3397884/,movie,7.6,121,2015,"Action, Crime, Drama, Mystery, Thriller",268518,2015-05-19,Denis Villeneuve
265,tt4126304,2015-10-14,2015-10-14,,Cartel Land,http://www.imdb.com/title/tt4126304/,movie,7.4,100,2015,Documentary,14977,2015-01-23,Matthew Heineman
266,tt3904186,2015-10-16,2015-10-16,,Tales of the Grim Sleeper,http://www.imdb.com/title/tt3904186/,movie,7.1,110,2014,"Documentary, Crime",2016,2014-08-29,"Barney Broomfield, Marc Hoeferlin, Nick Broomfield"
267,tt1398426,2015-10-17,2015-10-17,,Straight Outta Compton,http://www.imdb.com/title/tt1398426/,movie,7.9,147,2015,"Biography, Drama, History, Music",150227,2015-08-11,F. Gary Gray
268,tt2379713,2015-11-03,2015-11-03,,Spectre,http://www.imdb.com/title/tt2379713/,movie,6.8,148,2015,"Action, Adventure, Thriller",323868,2015-10-26,Sam Mendes
269,tt3948882,2015-11-05,2015-11-05,,Portal to Hell!!!,http://www.imdb.com/title/tt3948882/,short,7.0,12,2015,"Short, Adventure, Comedy, Horror",171,2015-09-11,Vivieno Caldinelli
270,tt3732950,2015-11-05,2015-11-05,,Body,http://www.imdb.com/title/tt3732950/,movie,5.3,75,2015,"Crime, Drama, Thriller",1290,2015-01-25,"Dan Berk, Robert Olsen"
271,tt2402101,2015-11-06,2015-11-06,,Dark Places,http://www.imdb.com/title/tt2402101/,movie,6.2,113,2015,"Action, Drama, Mystery, Thriller",34010,2015-03-31,Gilles Paquet-Brenner
272,tt4610244,2015-11-06,2015-11-06,,The Other Side,http://www.imdb.com/title/tt4610244/,movie,6.9,92,2015,"Documentary, Drama",693,2015-05-21,Roberto Minervini
273,tt0307431,2015-11-06,2015-11-06,,The Secret Glory,http://www.imdb.com/title/tt0307431/,movie,6.5,90,2001,"Documentary, Mystery, Drama, Thriller, War",170,2001-09-04,Richard Stanley
274,tt4441280,2015-11-06,2015-11-06,,El cadáver de Anna Fritz,http://www.imdb.com/title/tt4441280/,movie,5.9,76,2015,"Drama, Thriller",2998,2015-03-15,Hèctor Hernández Vicens
275,tt1029234,2015-11-06,2015-11-06,,Martyrs,http://www.imdb.com/title/tt1029234/,movie,7.1,99,2008,Horror,67068,2008-05-01,Pascal Laugier
276,tt3512486,2015-11-09,2015-11-09,,The Damned: Don't You Wish That We Were Dead,http://www.imdb.com/title/tt3512486/,movie,7.5,110,2015,"Documentary, Music",149,2015-03-18,Wes Orshoski
277,tt3705412,2015-11-09,2015-11-09,,Deathgasm,http://www.imdb.com/title/tt3705412/,movie,6.3,86,2015,"Comedy, Horror, Music",12225,2015-03-14,Jason Lei Howden
278,tt3774694,2015-11-15,2015-11-15,,Love,http://www.imdb.com/title/tt3774694/,movie,6.0,135,2015,"Drama, Romance",27284,2015-05-20,Gaspar Noé
279,tt4428788,2016-01-03,2016-01-03,,Marguerite,http://www.imdb.com/title/tt4428788/,movie,7.0,129,2015,"Comedy, Drama, Music",3728,2015-09-04,Xavier Giannoli
280,tt0110912,2016-01-03,2016-01-03,,Pulp Fiction,http://www.imdb.com/title/tt0110912/,movie,8.9,154,1994,"Crime, Drama",1480562,1994-05-21,Quentin Tarantino
281,tt2204371,2016-01-18,2016-01-18,,Somm,http://www.imdb.com/title/tt2204371/,movie,7.0,94,2012,Documentary,3505,2012-11-07,Jason Wise
282,tt2430104,2016-01-18,2016-01-18,,After Tiller,http://www.imdb.com/title/tt2430104/,movie,7.5,85,2013,"Documentary, Biography, Drama, News",914,2013-01-18,"Lana Wilson, Martha Shane"
283,tt2174896,2016-01-18,2016-01-18,,To Be Takei,http://www.imdb.com/title/tt2174896/,movie,6.9,94,2014,"Documentary, Biography",1360,2014-01-18,Jennifer M. Kroot
284,tt0399146,2016-01-22,2016-01-22,,A History of Violence,http://www.imdb.com/title/tt0399146/,movie,7.5,96,2005,"Crime, Drama, Thriller",200689,2005-05-16,David Cronenberg
285,tt0070061,2016-01-22,2016-01-22,,"Film d'amore e d'anarchia, ovvero 'stamattina alle 10 in via dei Fiori nella nota casa di tolleranza...'",http://www.imdb.com/title/tt0070061/,movie,7.9,124,1973,"Comedy, Drama, Romance",1750,1973-02-22,Lina Wertmüller
286,tt0029526,2016-01-24,2016-01-24,,Scipione l'africano,http://www.imdb.com/title/tt0029526/,movie,5.4,117,1937,"Drama, History, War",193,1937-08-04,Carmine Gallone
287,tt4074304,2016-01-25,2016-01-25,,Pervert Park,http://www.imdb.com/title/tt4074304/,movie,7.0,77,2014,"Documentary, Crime",982,2014-11-06,"Frida Barkfors, Lasse Barkfors"
288,tt4455634,2016-01-28,2016-01-28,,Reach for the SKY,http://www.imdb.com/title/tt4455634/,movie,7.8,90,2015,Documentary,60,2015-10-01,"Steven Dhoedt, Wooyoung Choi"
289,tt5121762,2016-01-29,2016-01-29,,Jag är Dublin,http://www.imdb.com/title/tt5121762/,movie,5.2,80,2015,Documentary,12,2015-01-24,"Ahmed Abdullahi, Anna Persson, David Aronowitsch, Sharmarke Binyusuf"
290,tt5238322,2016-01-29,2016-01-29,,Like the Others,http://www.imdb.com/title/tt5238322/,movie,6.0,95,2015,Documentary,5,2015-03-01,Constantin Wulff
291,tt3509878,2016-01-29,2016-01-29,,Sergio Herman: Fucking Perfect,http://www.imdb.com/title/tt3509878/,movie,7.1,,2015,Documentary,371,2015-02-01,Willemiek Kluijfhout
292,tt3569732,2016-01-29,2016-01-29,,Spandex sapiens,http://www.imdb.com/title/tt3569732/,movie,6.5,87,2015,"Documentary, Action, Drama, Romance",111,2015-11-05,Oskari Pastila
293,tt3505682,2016-01-30,2016-01-30,,Bolshoi Babylon,http://www.imdb.com/title/tt3505682/,movie,6.2,86,2015,Documentary,351,2015-09-14,"Nick Read, Mark Franchetti"
294,tt4477456,2016-01-30,2016-01-30,,K2. Dotknac nieba,http://www.imdb.com/title/tt4477456/,movie,5.7,72,2015,"Documentary, Family, Sport",40,2015-06-14,Eliza Kubarska
295,tt2415458,2016-01-30,2016-01-30,,The Wolfpack,http://www.imdb.com/title/tt2415458/,movie,7.0,90,2015,"Documentary, Biography",9803,2015-01-25,Crystal Moselle
296,tt4714240,2016-01-31,2016-01-31,,Fang den Haider,http://www.imdb.com/title/tt4714240/,movie,5.7,91,2015,Documentary,26,2015-05-08,Nathalie Borgers
297,tt4536540,2016-01-31,2016-01-31,,Fassbinder,http://www.imdb.com/title/tt4536540/,movie,6.7,95,2015,Documentary,115,2015-04-30,Annekatrin Hendel
298,tt0810819,2016-02-28,2016-02-28,,The Danish Girl,http://www.imdb.com/title/tt0810819/,movie,7.1,119,2015,"Biography, Drama, History, Romance",121921,2015-09-05,Tom Hooper
299,tt4844522,2016-03-05,2016-03-05,,Haiyû Kameoka Takuji,http://www.imdb.com/title/tt4844522/,movie,6.7,123,2015,Comedy,83,2015-10-25,Satoko Yokohama
300,tt1453405,2016-03-07,2016-03-07,,Monsters University,http://www.imdb.com/title/tt1453405/,movie,7.3,104,2013,"Animation, Adventure, Comedy, Family, Fantasy",263780,2013-06-05,Dan Scanlon
301,tt5210376,2016-03-28,2016-03-28,,Takaisin pintaan,http://www.imdb.com/title/tt5210376/,movie,7.1,90,2016,Documentary,756,2016-01-27,Juan Reina
302,tt3966404,2016-03-31,2016-03-31,,Mustang,http://www.imdb.com/title/tt3966404/,movie,7.6,97,2015,Drama,26141,2015-05-19,Deniz Gamze Ergüven
303,tt4897822,2016-04-01,2016-04-01,,Where to Invade Next,http://www.imdb.com/title/tt4897822/,movie,7.6,120,2015,"Documentary, Comedy",18063,2015-09-10,Michael Moore
304,tt2891174,2016-04-01,2016-04-01,,99 Homes,http://www.imdb.com/title/tt2891174/,movie,7.1,112,2014,Drama,23170,2014-08-29,Ramin Bahrani
305,tt2872462,2016-04-02,2016-04-02,,Mistress America,http://www.imdb.com/title/tt2872462/,movie,6.7,84,2015,"Comedy, Drama",19950,2015-01-24,Noah Baumbach
306,tt3824458,2016-04-02,2016-04-02,,Tangerine,http://www.imdb.com/title/tt3824458/,movie,7.1,88,2015,"Comedy, Crime, Drama",17627,2015-01-23,Sean Baker
307,tt3077214,2016-04-02,2016-04-02,,Suffragette,http://www.imdb.com/title/tt3077214/,movie,6.9,106,2015,"Biography, Drama, History",29079,2015-09-04,Sarah Gavron
308,tt3203606,2016-04-03,2016-04-03,,Trumbo,http://www.imdb.com/title/tt3203606/,movie,7.5,124,2015,"Biography, Drama",62199,2015-09-12,Jay Roach
309,tt2910904,2016-04-03,2016-04-03,,The Dressmaker,http://www.imdb.com/title/tt2910904/,movie,7.1,119,2015,"Comedy, Drama",38452,2015-09-14,Jocelyn Moorhouse
310,tt3573598,2016-04-03,2016-04-03,,London Road,http://www.imdb.com/title/tt3573598/,movie,5.3,91,2015,"Musical, Mystery, Thriller",1496,2015-06-12,Rufus Norris
311,tt3072482,2016-04-09,2016-04-09,,Hardcore Henry,http://www.imdb.com/title/tt3072482/,movie,6.7,96,2015,"Action, Adventure, Sci-Fi, Thriller",66936,2015-09-12,Ilya Naishuller
312,tt4497686,2016-04-13,2016-04-13,,Atroz (Atrocious),http://www.imdb.com/title/tt4497686/,movie,5.8,79,2015,Horror,157,2015-10-31,Lex Ortega
313,tt4501706,2016-04-14,2016-04-14,,Aaaaaaaah!,http://www.imdb.com/title/tt4501706/,movie,4.6,79,2015,"Comedy, Thriller",662,2015-08-28,Steve Oram
314,tt0368226,2016-04-15,2016-04-15,,The Room,http://www.imdb.com/title/tt0368226/,movie,3.6,99,2003,Drama,48627,2003-06-27,Tommy Wiseau
315,tt0078935,2016-04-16,2016-04-16,,Cannibal Holocaust,http://www.imdb.com/title/tt0078935/,movie,6.0,95,1980,"Adventure, Horror",42846,1980-02-07,Ruggero Deodato
316,tt3721256,2016-04-16,2016-04-16,,Hevn,http://www.imdb.com/title/tt3721256/,movie,5.8,100,2015,"Drama, Thriller",265,2015-11-06,Kjersti Steinsbø
317,tt4126394,2016-04-16,2016-04-16,,Darling,http://www.imdb.com/title/tt4126394/,movie,5.6,78,2015,"Horror, Thriller",2031,2015-09-26,Mickey Keating
318,tt3901962,2016-04-16,2016-04-16,,Sendero,http://www.imdb.com/title/tt3901962/,movie,3.6,85,2015,"Action, Drama, Horror, Thriller",369,2015-10-12,Lucio A. Rojas
319,tt3865850,2016-04-16,2016-04-16,,The Evil That Men Do,http://www.imdb.com/title/tt3865850/,movie,4.7,94,2015,Thriller,183,2015-09-03,Ramon Térmens
320,tt4086032,2016-04-16,2016-04-16,,Frankenstein,http://www.imdb.com/title/tt4086032/,movie,5.1,89,2015,"Horror, Thriller",1749,2015-04-12,Bernard Rose
321,tt4359452,2016-04-16,2016-04-16,,Nasty,http://www.imdb.com/title/tt4359452/,short,6.7,15,2015,"Short, Drama, Fantasy, Horror, Sci-Fi",26,2015-10-13,Prano Bailey-Bond
322,tt3190098,2016-04-18,2016-04-18,,Life After Manson,http://www.imdb.com/title/tt3190098/,short,6.6,25,2014,"Documentary, Short, Crime, Drama, News",58,2014-05-23,Olivia Klaus
323,tt2402927,2016-05-12,2016-05-12,,Carol,http://www.imdb.com/title/tt2402927/,movie,7.2,118,2015,"Drama, Romance",84929,2015-05-17,Todd Haynes
324,tt1431045,2016-05-14,2016-05-14,,Deadpool,http://www.imdb.com/title/tt1431045/,movie,8.0,108,2016,"Action, Adventure, Comedy, Romance, Sci-Fi",688716,2016-01-21,Tim Miller
325,tt1492030,2016-05-27,2016-05-27,,Mildred Pierce,http://www.imdb.com/title/tt1492030/,tvMiniSeries,7.7,336,2011,Drama,15729,2011-03-21,
326,tt0069050,2016-06-04,2016-06-04,,The Other,http://www.imdb.com/title/tt0069050/,movie,7.0,108,1972,"Drama, Horror, Mystery, Thriller",4605,1972-05-23,Robert Mulligan
327,tt0076792,2016-06-05,2016-06-05,,Tabu,http://www.imdb.com/title/tt0076792/,movie,5.1,,1977,Drama,93,1977-01-28,Vilgot Sjöman
328,tt0094612,2016-06-05,2016-06-05,,Action Jackson,http://www.imdb.com/title/tt0094612/,movie,5.2,96,1988,"Action, Comedy, Crime, Thriller",8144,1988-02-12,Craig R. Baxley
329,tt0166228,2016-06-05,2016-06-05,,Jeesuksen pojat,http://www.imdb.com/title/tt0166228/,short,5.6,26,1983,"Short, Drama",8,1983-05-27,Juha Rosma
330,tt0117148,2016-06-05,2016-06-05,,Naisen logiikka,http://www.imdb.com/title/tt0117148/,movie,4.9,70,1999,Comedy,29,1999-05-21,Spede Pasanen
331,tt0074569,2016-06-20,2016-06-20,,L'ultima orgia del III Reich,http://www.imdb.com/title/tt0074569/,movie,4.4,92,1977,"Horror, War",986,1977-01-31,Cesare Canevari
332,tt1658801,2016-07-03,2016-07-03,,Freeheld,http://www.imdb.com/title/tt1658801/,movie,6.5,103,2015,"Biography, Drama, Romance",9141,2015-09-13,Peter Sollett
333,tt1974419,2016-07-08,2016-07-08,,The Neon Demon,http://www.imdb.com/title/tt1974419/,movie,6.2,118,2016,"Horror, Thriller",59723,2016-05-20,Nicolas Winding Refn
334,tt0096160,2016-07-10,2016-07-10,,Splendor,http://www.imdb.com/title/tt0096160/,movie,7.1,110,1989,Drama,616,1989-02-17,Ettore Scola
335,tt0038791,2016-07-14,2016-07-14,,Nuoruus sumussa,http://www.imdb.com/title/tt0038791/,movie,4.5,113,1946,Drama,23,1946-04-12,T.J. Särkkä
336,tt0324133,2016-07-17,2016-07-17,,Swimming Pool,http://www.imdb.com/title/tt0324133/,movie,6.8,102,2003,"Crime, Drama, Mystery, Thriller",37346,2003-05-18,François Ozon
337,tt0087332,2016-07-21,2016-07-21,,Ghostbusters,http://www.imdb.com/title/tt0087332/,movie,7.8,105,1984,"Action, Adventure, Comedy, Fantasy",300039,1984-06-07,Ivan Reitman
338,tt0097428,2016-07-21,2016-07-21,,Ghostbusters II,http://www.imdb.com/title/tt0097428/,movie,6.5,108,1989,"Action, Comedy, Fantasy, Sci-Fi",154955,1989-06-15,Ivan Reitman
339,tt4400038,2016-07-31,2016-07-31,,Chocolat,http://www.imdb.com/title/tt4400038/,movie,7.1,119,2016,"Biography, Drama",4515,2016-01-05,Roschdy Zem
340,tt0070948,2016-08-02,2016-08-02,,Zardoz,http://www.imdb.com/title/tt0070948/,movie,5.8,105,1974,"Fantasy, Sci-Fi",16333,1974-02-06,John Boorman
341,tt0076085,2016-08-07,2016-08-07,,Una giornata particolare,http://www.imdb.com/title/tt0076085/,movie,8.1,106,1977,Drama,8688,1977-05-19,Ettore Scola
342,tt0064118,2016-08-09,2016-08-09,,La caduta degli dei (Götterdämmerung),http://www.imdb.com/title/tt0064118/,movie,7.6,156,1969,"Drama, War",6138,1969-10-02,Luchino Visconti
343,tt2764784,2016-08-11,2016-08-11,,Phoenix,http://www.imdb.com/title/tt2764784/,movie,7.3,98,2014,"Drama, History, Music, Romance",12954,2014-09-05,Christian Petzold
344,tt0046438,2016-08-11,2016-08-11,,Tôkyô monogatari,http://www.imdb.com/title/tt0046438/,movie,8.2,136,1953,Drama,33644,1953-11-03,Yasujirô Ozu
345,tt2404461,2016-08-13,2016-08-13,,Le passé,http://www.imdb.com/title/tt2404461/,movie,7.8,130,2013,"Drama, Mystery",37708,2013-05-17,Asghar Farhadi
346,tt1289401,2016-08-17,2016-08-17,,Ghostbusters,http://www.imdb.com/title/tt1289401/,movie,5.3,116,2016,"Action, Comedy, Fantasy, Sci-Fi",161627,2016-07-09,Paul Feig
347,tt5022872,2016-08-19,2016-08-19,,Barash,http://www.imdb.com/title/tt5022872/,movie,6.0,81,2015,"Comedy, Drama, Romance",461,2015-09-20,Michal Vinik
348,tt3553976,2016-08-20,2016-08-20,,Captain Fantastic,http://www.imdb.com/title/tt3553976/,movie,7.9,118,2016,"Comedy, Drama",128878,2016-01-23,Matt Ross
349,tt4150494,2016-08-21,2016-08-21,,Efterskalv,http://www.imdb.com/title/tt4150494/,movie,6.5,102,2015,Drama,1013,2015-05-21,Magnus von Horn
350,tt4699444,2016-08-22,2016-08-22,,Voir du pays,http://www.imdb.com/title/tt4699444/,movie,6.4,102,2016,Drama,465,2016-05-17,"Muriel Coulin, Delphine Coulin"
351,tt5006094,2016-08-23,2016-08-23,,The Duel of Wine,http://www.imdb.com/title/tt5006094/,movie,4.9,95,2015,Comedy,15,2015-08-01,Nicolás Carreras
352,tt3867816,2016-08-25,2016-08-25,,Pikadero,http://www.imdb.com/title/tt3867816/,movie,6.9,98,2015,"Comedy, Drama",117,2015-09-18,Ben Sharrock
353,tt5851030,2016-08-27,2016-08-27,,Die Geschwister,http://www.imdb.com/title/tt5851030/,movie,5.7,89,2016,Drama,90,2016-04-23,Jan Krüger
354,tt3715122,2016-08-27,2016-08-27,,L'attesa,http://www.imdb.com/title/tt3715122/,movie,6.5,110,2015,Drama,1463,2015-09-05,Piero Messina
355,tt3792884,2016-08-27,2016-08-27,,Alena,http://www.imdb.com/title/tt3792884/,movie,5.7,83,2015,"Drama, Horror, Thriller",443,2015-10-09,Daniel di Grado
356,tt5278832,2016-08-28,2016-08-28,,Córki dancingu,http://www.imdb.com/title/tt5278832/,movie,6.4,92,2015,"Comedy, Drama, Horror, Musical",2835,2015-12-25,Agnieszka Smoczynska
357,tt2005151,2016-09-04,2016-09-04,,War Dogs,http://www.imdb.com/title/tt2005151/,movie,7.1,114,2016,"Comedy, Crime, Drama, War",129359,2016-08-03,Todd Phillips
358,tt0091530,2016-09-07,2016-09-07,,The Mission,http://www.imdb.com/title/tt0091530/,movie,7.5,125,1986,"Adventure, Drama, History",48186,1986-05-16,Roland Joffé
359,tt2210769,2016-09-09,2016-09-09,,"Liza, a rókatündér",http://www.imdb.com/title/tt2210769/,movie,7.7,98,2015,"Comedy, Fantasy, Romance",6502,2015-02-19,Károly Ujj Mészáros
360,tt0085407,2016-09-13,2016-09-13,,The Dead Zone,http://www.imdb.com/title/tt0085407/,movie,7.2,103,1983,"Horror, Sci-Fi, Thriller",50007,1983-10-21,David Cronenberg
361,tt2937696,2016-09-16,2016-09-16,,Everybody Wants Some!!,http://www.imdb.com/title/tt2937696/,movie,7.0,117,2016,Comedy,41677,2016-03-11,Richard Linklater
362,tt4331970,2016-09-16,2016-09-16,,Quand on a 17 ans,http://www.imdb.com/title/tt4331970/,movie,7.2,116,2016,"Drama, Romance",3290,2016-02-14,André Téchiné
363,tt4585660,2016-09-17,2016-09-17,,Klovn Forever,http://www.imdb.com/title/tt4585660/,movie,6.3,99,2015,"Comedy, Drama",2853,2015-09-06,Mikkel Nørgaard
364,tt4273292,2016-09-17,2016-09-17,,Under the Shadow,http://www.imdb.com/title/tt4273292/,movie,7.0,84,2016,"Drama, Horror, Thriller, War",14032,2016-01-22,Babak Anvari
365,tt3955894,2016-09-18,2016-09-18,,Girl Asleep,http://www.imdb.com/title/tt3955894/,movie,6.2,77,2015,"Comedy, Family, Fantasy",1811,2015-10-20,Rosemary Myers
366,tt4144190,2016-09-18,2016-09-18,,Wiener-Dog,http://www.imdb.com/title/tt4144190/,movie,5.9,88,2016,"Comedy, Drama",7138,2016-01-22,Todd Solondz
367,tt4765604,2016-09-18,2016-09-18,,Pro lyubov,http://www.imdb.com/title/tt4765604/,movie,6.5,115,2015,"Comedy, Drama",631,2015-06-13,Anna Melikyan
368,tt4425152,2016-09-19,2016-09-19,,Pojkarna,http://www.imdb.com/title/tt4425152/,movie,6.1,106,2015,Drama,664,2015-09-12,Alexandra-Therese Keining
369,tt2262161,2016-09-20,2016-09-20,,Sunset Song,http://www.imdb.com/title/tt2262161/,movie,6.5,135,2015,Drama,2522,2015-09-13,Terence Davies
370,tt5432188,2016-09-20,2016-09-20,,Kater,http://www.imdb.com/title/tt5432188/,movie,5.9,124,2016,Drama,556,2016-02-13,Händl Klaus
371,tt3471098,2016-09-21,2016-09-21,,Maggie's Plan,http://www.imdb.com/title/tt3471098/,movie,6.2,98,2015,"Comedy, Drama, Romance",11472,2015-09-12,Rebecca Miller
372,tt3828058,2016-09-22,2016-09-22,,Rodinny film,http://www.imdb.com/title/tt3828058/,movie,6.6,95,2015,Drama,299,2015-09-21,Olmo Omerzu
373,tt4400174,2016-09-24,2016-09-24,,À peine j'ouvre les yeux,http://www.imdb.com/title/tt4400174/,movie,6.8,102,2015,Drama,882,2015-09-05,Leyla Bouzid
374,tt5096628,2016-09-24,2016-09-24,,Théo et Hugo dans le même bateau,http://www.imdb.com/title/tt5096628/,movie,6.6,97,2016,"Drama, Romance",1498,2016-02-15,"Jacques Martineau, Olivier Ducastel"
375,tt5072542,2016-09-24,2016-09-24,,Les premiers les derniers,http://www.imdb.com/title/tt5072542/,movie,6.5,98,2016,"Comedy, Crime, Romance",638,2016-01-05,Bouli Lanners
376,tt4153324,2016-09-25,2016-09-25,,Tjuvheder,http://www.imdb.com/title/tt4153324/,movie,7.1,92,2015,"Crime, Drama",1050,2015-09-20,Peter Grönlund
377,tt2172095,2016-09-25,2016-09-25,,Det vita folket,http://www.imdb.com/title/tt2172095/,movie,4.5,82,2015,"Drama, Mystery, Sci-Fi",221,2015-11-11,Lisa Aschan
378,tt3416532,2016-09-25,2016-09-25,,A Monster Calls,http://www.imdb.com/title/tt3416532/,movie,7.5,108,2016,"Drama, Fantasy",55374,2016-09-09,J.A. Bayona
379,tt0074216,2016-09-29,2016-09-29,,The Blank Generation,http://www.imdb.com/title/tt0074216/,movie,6.2,55,1976,"Documentary, Music",194,1976-04-22,"Ivan Král, Amos Poe"
380,tt1935859,2016-10-01,2016-10-01,,Miss Peregrine's Home for Peculiar Children,http://www.imdb.com/title/tt1935859/,movie,6.7,127,2016,"Adventure, Drama, Family, Fantasy",121937,2016-09-25,Tim Burton
381,tt0086122,2016-10-04,2016-10-04,,The Ploughman's Lunch,http://www.imdb.com/title/tt0086122/,movie,6.6,107,1983,Drama,291,1983-05-01,Richard Eyre
382,tt2246565,2016-10-23,2016-10-23,,An Honest Liar,http://www.imdb.com/title/tt2246565/,movie,7.5,90,2014,"Documentary, Biography, Comedy, History",7211,2014-04-18,"Tyler Measom, Justin Weinstein"
383,tt5219412,2016-10-25,2016-10-25,,Rockin' High: The Highest Gig in the World,http://www.imdb.com/title/tt5219412/,tvMovie,7.6,50,2015,"Musical, Reality-TV, Talk-Show",5,2015-11-16,
384,tt3908142,2016-11-09,2016-11-09,,The Love Witch,http://www.imdb.com/title/tt3908142/,movie,6.2,120,2016,"Comedy, Horror, Romance",6762,2016-01-31,Anna Biller
385,tt0138393,2016-11-11,2016-11-11,,The Decline of Western Civilization Part III,http://www.imdb.com/title/tt0138393/,movie,7.2,86,1998,"Documentary, Music",727,1998-01-01,Penelope Spheeris
386,tt4550098,2016-12-06,2016-12-06,,Nocturnal Animals,http://www.imdb.com/title/tt4550098/,movie,7.5,116,2016,"Crime, Drama, Romance, Thriller",163983,2016-09-02,Tom Ford
387,tt0030307,2016-12-06,2016-12-06,,Jääkärin morsian,http://www.imdb.com/title/tt0030307/,movie,5.7,97,1938,"Drama, History, War",64,1938-02-27,Risto Orko
388,tt0475784,2016-12-15,2016-12-15,,Westworld,http://www.imdb.com/title/tt0475784/,tvSeries,8.9,62,2016,"Drama, Mystery, Sci-Fi, Western",241003,2016-10-02,
389,tt2543164,2016-12-20,2016-12-20,,Arrival,http://www.imdb.com/title/tt2543164/,movie,8.0,116,2016,"Drama, Mystery, Sci-Fi, Thriller",417399,2016-09-01,Denis Villeneuve
390,tt0039628,2016-12-25,2016-12-25,,Miracle on 34th Street,http://www.imdb.com/title/tt0039628/,movie,7.9,96,1947,"Comedy, Drama, Family",34062,1947-06-04,George Seaton
391,tt0068182,2017-01-11,2017-01-11,,"Aguirre, der Zorn Gottes",http://www.imdb.com/title/tt0068182/,movie,8.0,95,1972,"Adventure, Biography, Drama, History",42617,1972-12-29,Werner Herzog
392,tt2361317,2017-01-15,2017-01-15,,Live by Night,http://www.imdb.com/title/tt2361317/,movie,6.4,129,2016,"Action, Crime, Drama, Thriller",38273,2016-12-13,Ben Affleck
393,tt4610372,2017-01-27,2017-01-27,,Noma My Perfect Storm,http://www.imdb.com/title/tt4610372/,movie,6.1,100,2015,Documentary,495,2015-11-03,Pierre Deschamps
394,tt5116410,2017-01-27,2017-01-27,,Tower,http://www.imdb.com/title/tt5116410/,movie,8.0,96,2016,"Documentary, Animation, Crime",4538,2016-03-13,Keith Maitland
395,tt5140848,2017-01-29,2017-01-29,,Det Han Gjorde,http://www.imdb.com/title/tt5140848/,movie,6.7,62,2015,"Documentary, Biography",21,2015-11-06,Jonas Poher Rasmussen
396,tt6399400,2017-02-06,2017-02-06,,Kiehumispiste,http://www.imdb.com/title/tt6399400/,movie,6.6,90,2017,Documentary,80,2017-01-23,Elina Hirvonen
397,tt0097108,2017-02-23,2017-02-23,,"The Cook, the Thief, His Wife & Her Lover",http://www.imdb.com/title/tt0097108/,movie,7.6,124,1989,"Crime, Drama",29293,1989-09-04,Peter Greenaway
398,tt2870648,2017-02-26,2017-02-26,,Amy,http://www.imdb.com/title/tt2870648/,movie,7.8,128,2015,"Documentary, Biography, Music",38849,2015-05-16,Asif Kapadia
399,tt5226984,2017-02-26,2017-02-26,,Tom of Finland,http://www.imdb.com/title/tt5226984/,movie,7.1,115,2017,"Biography, Drama",1828,2017-01-27,Dome Karukoski
400,tt0048624,2017-03-18,2017-03-18,,Sissi,http://www.imdb.com/title/tt0048624/,movie,7.1,102,1955,"Comedy, Drama, History, Romance",6253,1955-12-21,Ernst Marischka
401,tt4975722,2017-03-26,2017-03-26,,Moonlight,http://www.imdb.com/title/tt4975722/,movie,7.5,111,2016,Drama,173540,2016-09-02,Barry Jenkins
402,tt5029608,2017-03-30,2017-03-30,,Frantz,http://www.imdb.com/title/tt5029608/,movie,7.5,113,2016,"Drama, History, Romance, War",7634,2016-09-03,François Ozon
403,tt4666726,2017-03-30,2017-03-30,,Christine,http://www.imdb.com/title/tt4666726/,movie,7.0,119,2016,"Biography, Drama",8312,2016-01-23,Antonio Campos
404,tt3882074,2017-03-31,2017-03-31,,The Eagle Huntress,http://www.imdb.com/title/tt3882074/,movie,7.5,87,2016,"Documentary, Adventure, Sport",2373,2016-01-24,Otto Bell
405,tt5804038,2017-03-31,2017-03-31,,I Am Not Your Negro,http://www.imdb.com/title/tt5804038/,movie,7.7,93,2016,Documentary,9538,2016-09-10,Raoul Peck
406,tt1878870,2017-03-31,2017-03-31,,The Edge of Seventeen,http://www.imdb.com/title/tt1878870/,movie,7.4,104,2016,"Comedy, Drama",64983,2016-09-16,Kelly Fremon Craig
407,tt3721936,2017-04-02,2017-04-02,,American Honey,http://www.imdb.com/title/tt3721936/,movie,7.0,163,2016,"Adventure, Drama, Romance",24852,2016-05-15,Andrea Arnold
408,tt5141494,2017-04-02,2017-04-02,,Maman a tort,http://www.imdb.com/title/tt5141494/,movie,6.6,110,2016,Drama,108,2016-08-24,Marc Fitoussi
409,tt4630550,2017-04-02,2017-04-02,,La fille inconnue,http://www.imdb.com/title/tt4630550/,movie,6.5,113,2016,"Crime, Drama, Mystery, Thriller",4550,2016-05-18,"Luc Dardenne, Jean-Pierre Dardenne"
410,tt2582782,2017-04-02,2017-04-02,,Hell or High Water,http://www.imdb.com/title/tt2582782/,movie,7.6,102,2016,"Crime, Drama, Thriller, Western",140914,2016-05-16,David Mackenzie
411,tt5278506,2017-04-09,2017-04-09,,Tickled,http://www.imdb.com/title/tt5278506/,movie,7.6,92,2016,"Documentary, Mystery",9830,2016-01-24,"David Farrier, Dylan Reeve"
412,tt1527186,2017-04-09,2017-04-09,,Melancholia,http://www.imdb.com/title/tt1527186/,movie,7.1,135,2011,Drama,142103,2011-05-18,Lars von Trier
413,tt4846340,2017-04-13,2017-04-13,,Hidden Figures,http://www.imdb.com/title/tt4846340/,movie,7.8,127,2016,"Biography, Drama, History",132755,2016-12-25,Theodore Melfi
414,tt4645368,2017-04-17,2017-04-17,,Juste la fin du monde,http://www.imdb.com/title/tt4645368/,movie,6.9,97,2016,Drama,14209,2016-05-19,Xavier Dolan
415,tt5196660,2017-04-19,2017-04-19,,Amateur,http://www.imdb.com/title/tt5196660/,movie,6.5,97,2016,Thriller,39,2016-11-19,Sebastian Perillo
416,tt4982166,2017-04-19,2017-04-19,,La noche del virgen,http://www.imdb.com/title/tt4982166/,movie,5.4,116,2016,"Comedy, Fantasy, Horror, Mystery, Thriller",204,2016-10-16,Roberto San Sebastián
417,tt4954522,2017-04-20,2017-04-20,,Grave,http://www.imdb.com/title/tt4954522/,movie,7.0,99,2016,"Drama, Horror",29981,2016-05-14,Julia Ducournau
418,tt4158096,2017-04-20,2017-04-20,,Free Fire,http://www.imdb.com/title/tt4158096/,movie,6.4,91,2016,"Action, Comedy, Crime, Thriller",26201,2016-09-08,Ben Wheatley
419,tt6559976,2017-04-20,2017-04-20,,Viulu,http://www.imdb.com/title/tt6559976/,short,5.6,12,2017,"Short, Action",7,2017-04-20,Ramin Sohrab
420,tt5584732,2017-04-21,2017-04-21,,Die Hölle,http://www.imdb.com/title/tt5584732/,movie,6.5,92,2017,Thriller,462,2017-01-19,Stefan Ruzowitzky
421,tt4909602,2017-04-21,2017-04-21,,Lyst,http://www.imdb.com/title/tt4909602/,movie,4.3,84,2017,"Horror, Mystery, Thriller",93,2017-04-21,Severin Eskeland
422,tt6019068,2017-04-22,2017-04-22,,The Mentors: Kings of Sleaze Rockumentary,http://www.imdb.com/title/tt6019068/,movie,6.9,78,2017,"Documentary, Comedy, Music",7,2017-04-21,April Jones
423,tt5207320,2017-04-22,2017-04-22,,"Sweet, Sweet Lonely Girl",http://www.imdb.com/title/tt5207320/,movie,5.4,76,2016,"Drama, Horror, Thriller",420,2016-09-22,A.D. Calvo
424,tt0084861,2017-04-22,2017-04-22,,Vice Squad,http://www.imdb.com/title/tt0084861/,movie,6.4,97,1982,"Action, Crime, Drama, Thriller",1415,1982-01-22,Gary Sherman
425,tt5052448,2017-05-06,2017-05-06,,Get Out,http://www.imdb.com/title/tt5052448/,movie,7.7,104,2017,"Horror, Mystery, Thriller",216912,2017-01-23,Jordan Peele
426,tt6712394,2017-05-08,2017-05-08,,Muodonmuutoksia,http://www.imdb.com/title/tt6712394/,movie,6.5,75,2017,"Documentary, Sport",18,2017-03-31,Kati Juurus
427,tt6098922,2017-05-08,2017-05-08,,Louis Theroux: Savile,http://www.imdb.com/title/tt6098922/,tvMovie,7.4,75,2016,Documentary,984,2016-10-02,Arthur Cary
428,tt6144536,2017-05-09,2017-05-09,,Chez nous,http://www.imdb.com/title/tt6144536/,movie,6.5,117,2017,Drama,504,2017-01-25,Lucas Belvaux
429,tt4714568,2017-05-12,2017-05-12,,The Young Offenders,http://www.imdb.com/title/tt4714568/,movie,7.1,83,2016,"Adventure, Comedy, Crime",5582,2016-09-16,Peter Foott
430,tt4197642,2017-05-12,2017-05-12,,A Date for Mad Mary,http://www.imdb.com/title/tt4197642/,movie,7.2,82,2016,"Comedy, Drama, Romance",895,2016-07-02,Darren Thornton
431,tt4746506,2017-05-14,2017-05-14,,Fai bei sogni,http://www.imdb.com/title/tt4746506/,movie,6.6,131,2016,"Drama, Romance",946,2016-05-12,Marco Bellocchio
432,tt5311514,2017-05-14,2017-05-14,,Kimi no na wa.,http://www.imdb.com/title/tt5311514/,movie,8.5,106,2016,"Animation, Drama, Fantasy, Romance",68530,2016-07-03,Makoto Shinkai
433,tt4621872,2017-05-26,2017-05-26,,La pazza gioia,http://www.imdb.com/title/tt4621872/,movie,7.3,118,2016,"Comedy, Drama",5306,2016-05-14,Paolo Virzì
434,tt1259521,2017-05-29,2017-05-29,,The Cabin in the Woods,http://www.imdb.com/title/tt1259521/,movie,7.0,95,2012,Horror,309113,2012-03-09,Drew Goddard
435,tt0169806,2017-06-03,2017-06-03,,Dropout,http://www.imdb.com/title/tt0169806/,movie,7.5,109,1970,"Romance, Drama",103,1970-12-18,Tinto Brass
436,tt0104782,2017-06-04,2017-06-04,,Léolo,http://www.imdb.com/title/tt0104782/,movie,7.6,107,1992,"Comedy, Drama",6001,1992-09-16,Jean-Claude Lauzon
437,tt0082592,2017-06-04,2017-06-04,,Just Before Dawn,http://www.imdb.com/title/tt0082592/,movie,6.3,90,1981,"Horror, Thriller",3975,1981-10-14,Jeff Lieberman
438,tt0085935,2017-06-04,2017-06-04,,Metalstorm: The Destruction of Jared-Syn,http://www.imdb.com/title/tt0085935/,movie,3.7,84,1983,"Adventure, Sci-Fi, Action, Romance",1348,1983-08-19,Charles Band
439,tt4799050,2017-07-03,2017-07-03,,Rough Night,http://www.imdb.com/title/tt4799050/,movie,5.2,101,2017,Comedy,24994,2017-06-15,Lucia Aniello
440,tt3469046,2017-07-13,2017-07-13,,Despicable Me 3,http://www.imdb.com/title/tt3469046/,movie,6.3,90,2017,"Animation, Action, Adventure, Comedy, Family, Fantasy, Sci-Fi",60061,2017-06-14,"Eric Guillon, Kyle Balda, Pierre Coffin"
441,tt0351283,2017-07-16,2017-07-16,,Madagascar,http://www.imdb.com/title/tt0351283/,movie,6.9,86,2005,"Animation, Adventure, Comedy, Family",298997,2005-05-25,"Tom McGrath, Eric Darnell"
442,tt3082854,2017-07-19,2017-07-19,,Kollektivet,http://www.imdb.com/title/tt3082854/,movie,6.4,111,2016,Drama,4411,2016-01-14,Thomas Vinterberg
443,tt4016934,2017-07-22,2017-07-22,,Ah-ga-ssi,http://www.imdb.com/title/tt4016934/,movie,8.1,144,2016,"Crime, Drama, Mystery, Romance, Thriller",50245,2016-05-14,Chan-wook Park
444,tt0479952,2017-07-23,2017-07-23,,Madagascar: Escape 2 Africa,http://www.imdb.com/title/tt0479952/,movie,6.7,89,2008,"Animation, Action, Adventure, Comedy, Family",164682,2008-10-30,"Tom McGrath, Eric Darnell"
445,tt0451279,2017-07-24,2017-07-24,,Wonder Woman,http://www.imdb.com/title/tt0451279/,movie,7.6,141,2017,"Action, Adventure, Fantasy, Sci-Fi, War",350455,2017-05-15,Patty Jenkins
446,tt3890160,2017-07-29,2017-07-29,,Baby Driver,http://www.imdb.com/title/tt3890160/,movie,7.7,112,2017,"Action, Crime, Music, Thriller",236828,2017-03-11,Edgar Wright
447,tt4381236,2017-08-16,2017-08-16,,The Greasy Strangler,http://www.imdb.com/title/tt4381236/,movie,5.7,93,2016,"Comedy, Horror",3860,2016-01-22,Jim Hosking
448,tt3744428,2017-08-19,2017-08-19,,Järven tarina,http://www.imdb.com/title/tt3744428/,movie,7.3,76,2016,Documentary,329,2016-01-15,"Kim Saarniluoto, Marko Röhr"
449,tt5140878,2017-08-20,2017-08-20,,Annabelle: Creation,http://www.imdb.com/title/tt5140878/,movie,6.6,109,2017,"Horror, Mystery, Thriller",59534,2017-06-19,David F. Sandberg
450,tt5543600,2017-08-25,2017-08-25,,Napapiirin sankarit 3,http://www.imdb.com/title/tt5543600/,movie,5.9,103,2017,Comedy,211,2017-08-25,Tiina Lymi
451,tt4695012,2017-08-27,2017-08-27,,It Comes at Night,http://www.imdb.com/title/tt4695012/,movie,6.2,91,2017,"Horror, Mystery",43415,2017-04-29,Trey Edward Shults
452,tt0117797,2017-08-31,2017-08-31,,Suwarôteiru,http://www.imdb.com/title/tt0117797/,movie,7.7,148,1996,"Crime, Drama",2902,1996-09-04,Shunji Iwai
453,tt4698684,2017-09-03,2017-09-03,,Hunt for the Wilderpeople,http://www.imdb.com/title/tt4698684/,movie,7.9,101,2016,"Adventure, Comedy, Drama",66387,2016-01-22,Taika Waititi
454,tt0104684,2017-09-06,2017-09-06,,Lat sau san taam,http://www.imdb.com/title/tt0104684/,movie,7.9,128,1992,"Action, Crime, Thriller",41114,1992-04-16,John Woo
455,tt4846232,2017-09-09,2017-09-09,,Good Time,http://www.imdb.com/title/tt4846232/,movie,7.4,101,2017,"Crime, Drama, Thriller",18941,2017-05-25,"Benny Safdie, Josh Safdie"
456,tt5728684,2017-09-10,2017-09-10,,Sour Grapes,http://www.imdb.com/title/tt5728684/,movie,7.3,85,2016,Documentary,1936,2016-05-03,"Jerry Rothwell, Reuben Atlas"
457,tt6367558,2017-09-15,2017-09-15,,L'amant double,http://www.imdb.com/title/tt6367558/,movie,6.3,107,2017,"Drama, Romance, Thriller",2909,2017-05-26,François Ozon
458,tt6273226,2017-09-15,2017-09-15,,Mogadishu Soldier,http://www.imdb.com/title/tt6273226/,movie,6.8,84,2016,"Documentary, War",25,2016-11-19,Torstein Grude
459,tt5535406,2017-09-15,2017-09-15,,Swagger,http://www.imdb.com/title/tt5535406/,movie,7.1,84,2016,Documentary,151,2016-05-14,Olivier Babinet
460,tt5687040,2017-09-16,2017-09-16,,Les fantômes d'Ismaël,http://www.imdb.com/title/tt5687040/,movie,5.8,114,2017,"Drama, Romance, Thriller",798,2017-05-17,Arnaud Desplechin
461,tt2989524,2017-09-16,2017-09-16,,Carrie Pilby,http://www.imdb.com/title/tt2989524/,movie,6.6,98,2016,"Comedy, Drama",3452,2016-09-09,Susan Johnson
462,tt6288250,2017-09-16,2017-09-16,,Patti Cake$,http://www.imdb.com/title/tt6288250/,movie,6.5,109,2017,"Drama, Music",4513,2017-01-23,Geremy Jasper
463,tt3091552,2017-09-16,2017-09-16,,At Berkeley,http://www.imdb.com/title/tt3091552/,movie,7.3,244,2013,Documentary,451,2013-09-02,Frederick Wiseman
464,tt6397762,2017-09-17,2017-09-17,,Las hijas de Abril,http://www.imdb.com/title/tt6397762/,movie,6.8,103,2017,Drama,627,2017-05-20,Michel Franco
465,tt5687814,2017-09-17,2017-09-17,,Golden Exits,http://www.imdb.com/title/tt5687814/,movie,6.5,94,2017,Drama,339,2017-01-22,Alex Ross Perry
466,tt6303866,2017-09-17,2017-09-17,,Beach Rats,http://www.imdb.com/title/tt6303866/,movie,6.5,98,2017,Drama,3219,2017-01-23,Eliza Hittman
467,tt6642870,2017-09-18,2017-09-18,,Le vénérable W.,http://www.imdb.com/title/tt6642870/,movie,7.2,100,2017,Documentary,301,2017-05-20,Barbet Schroeder
468,tt4291600,2017-09-19,2017-09-19,,Lady Macbeth,http://www.imdb.com/title/tt4291600/,movie,6.9,89,2016,"Drama, Romance",9101,2016-09-10,William Oldroyd
469,tt4560748,2017-09-19,2017-09-19,,Tokasikajuttu,http://www.imdb.com/title/tt4560748/,movie,8.0,100,2017,Documentary,61,2017-09-19,"Jukka Kärkkäinen, Jani-Petteri Passi"
470,tt5590718,2017-09-20,2017-09-20,,All This Panic,http://www.imdb.com/title/tt5590718/,movie,6.9,79,2016,Documentary,244,2016-04-14,Jenny Gage
471,tt6509862,2017-09-20,2017-09-20,,Ryu san,http://www.imdb.com/title/tt6509862/,movie,7.3,129,2017,"Action, Crime, Drama",292,2017-02-13,SABU
472,tt5431082,2017-09-21,2017-09-21,,Underverden,http://www.imdb.com/title/tt5431082/,movie,7.0,112,2017,"Action, Crime, Drama, Thriller",2754,2017-01-01,Fenar Ahmad
473,tt6510954,2017-09-21,2017-09-21,,Dröm vidare,http://www.imdb.com/title/tt6510954/,movie,7.2,92,2017,Drama,122,2017-01-28,Rojda Sekersöz
474,tt5518756,2017-09-21,2017-09-21,,The Misandrists,http://www.imdb.com/title/tt5518756/,movie,5.9,91,2017,Drama,116,2017-02-13,Bruce La Bruce
475,tt4645330,2017-09-22,2017-09-22,,Denial,http://www.imdb.com/title/tt4645330/,movie,6.6,109,2016,"Biography, Drama",12003,2016-09-11,Mick Jackson
476,tt5189894,2017-09-22,2017-09-22,,68 Kill,http://www.imdb.com/title/tt5189894/,movie,5.9,93,2017,"Comedy, Crime, Romance, Thriller",1873,2017-03-11,Trent Haaga
477,tt5084170,2017-09-23,2017-09-23,,Mugen no jûnin,http://www.imdb.com/title/tt5084170/,movie,6.9,140,2017,"Action, Drama",4605,2017-04-29,Takashi Miike
478,tt3721954,2017-09-23,2017-09-23,,Maudie,http://www.imdb.com/title/tt3721954/,movie,7.7,115,2016,"Biography, Drama, Romance",5287,2016-09-02,Aisling Walsh
479,tt5462602,2017-09-23,2017-09-23,,The Big Sick,http://www.imdb.com/title/tt5462602/,movie,7.7,120,2017,"Comedy, Drama, Romance",56618,2017-01-20,Michael Showalter
480,tt5598160,2017-09-24,2017-09-24,,Jeune femme,http://www.imdb.com/title/tt5598160/,movie,7.1,97,2017,Drama,483,2017-05-23,Léonor Serraille
481,tt6423776,2017-09-24,2017-09-24,,Un beau soleil intérieur,http://www.imdb.com/title/tt6423776/,movie,6.4,94,2017,"Comedy, Drama, Romance",975,2017-05-18,Claire Denis
482,tt4995790,2017-09-24,2017-09-24,,The Square,http://www.imdb.com/title/tt4995790/,movie,7.7,142,2017,"Comedy, Drama",11344,2017-05-20,Ruben Östlund
483,tt4614918,2017-09-30,2017-09-30,,Puhtaus ja vaara,http://www.imdb.com/title/tt4614918/,movie,6.7,49,2017,Documentary,20,2017-01-24,Elina Talvensaari
484,tt0087544,2017-10-08,2017-10-08,,Kaze no tani no Naushika,http://www.imdb.com/title/tt0087544/,movie,8.1,117,1984,"Animation, Adventure, Fantasy, Sci-Fi",111415,1984-03-11,Hayao Miyazaki
485,tt0093870,2017-10-09,2017-10-09,,RoboCop,http://www.imdb.com/title/tt0093870/,movie,7.5,102,1987,"Action, Crime, Sci-Fi, Thriller",199050,1987-07-17,Paul Verhoeven
486,tt4173170,2017-10-10,2017-10-10,,Ikitie,http://www.imdb.com/title/tt4173170/,movie,7.8,103,2017,"Drama, History",375,2017-08-22,Antti-Jussi Annila
487,tt1856101,2017-10-10,2017-10-10,,Blade Runner 2049,http://www.imdb.com/title/tt1856101/,movie,8.4,164,2017,"Drama, Mystery, Sci-Fi, Thriller",174454,2017-10-03,Denis Villeneuve
488,tt0120201,2017-10-11,2017-10-11,,Starship Troopers,http://www.imdb.com/title/tt0120201/,movie,7.2,129,1997,"Action, Adventure, Sci-Fi, Thriller",237599,1997-11-04,Paul Verhoeven
489,tt0073195,2017-10-14,2017-10-14,,Jaws,http://www.imdb.com/title/tt0073195/,movie,8.0,124,1975,"Adventure, Drama, Thriller",462705,1975-06-20,Steven Spielberg
490,tt6150944,2017-10-15,2017-10-15,,Hobbyhorse revolution,http://www.imdb.com/title/tt6150944/,movie,7.2,88,2017,Documentary,109,2017-03-31,Selma Vilhunen
491,tt5557976,2017-10-18,2017-10-18,,Do Not Resist,http://www.imdb.com/title/tt5557976/,movie,7.0,72,2016,Documentary,806,2016-04-14,Craig Atkinson
492,tt5265960,2017-10-21,2017-10-21,,La región salvaje,http://www.imdb.com/title/tt5265960/,movie,6.4,98,2016,"Drama, Horror, Sci-Fi, Thriller",1501,2016-05-15,Amat Escalante
493,tt0072271,2017-10-28,2017-10-28,,The Texas Chain Saw Massacre,http://www.imdb.com/title/tt0072271/,movie,7.5,83,1974,Horror,109771,1974-10-01,Tobe Hooper
494,tt0076786,2017-11-05,2017-11-05,,Suspiria,http://www.imdb.com/title/tt0076786/,movie,7.5,98,1977,Horror,53394,1977-02-01,Dario Argento
495,tt5016028,2017-11-06,2017-11-06,,Unlocking the Cage,http://www.imdb.com/title/tt5016028/,movie,7.0,91,2016,"Documentary, Drama, History, News",278,2016-01-25,"D.A. Pennebaker, Chris Hegedus"
496,tt4614910,2017-11-09,2017-11-09,,Valkoinen raivo,http://www.imdb.com/title/tt4614910/,movie,7.6,73,2015,"Documentary, Biography",218,2015-11-17,Arto Halonen
497,tt6188658,2017-11-10,2017-11-10,,Food Evolution,http://www.imdb.com/title/tt6188658/,movie,6.8,92,2016,Documentary,354,2016-11-12,Scott Hamilton Kennedy
498,tt3262342,2017-11-12,2017-11-12,,Loving Vincent,http://www.imdb.com/title/tt3262342/,movie,7.9,94,2017,"Animation, Biography, Crime, Drama",9795,2017-06-12,"Hugh Welchman, Dorota Kobiela"
499,tt5287168,2017-11-18,2017-11-18,,Sameblod,http://www.imdb.com/title/tt5287168/,movie,7.5,110,2016,Drama,2126,2016-09-08,Amanda Kernell
500,tt5157326,2017-11-18,2017-11-18,,Western,http://www.imdb.com/title/tt5157326/,movie,7.3,119,2017,Drama,550,2017-05-18,Valeska Grisebach
501,tt6135348,2017-11-20,2017-11-20,,120 battements par minute,http://www.imdb.com/title/tt6135348/,movie,7.7,140,2017,Drama,3183,2017-05-20,Robin Campillo
502,tt6505968,2017-11-22,2017-11-22,,Armomurhaaja,http://www.imdb.com/title/tt6505968/,movie,7.3,85,2017,Thriller,134,2017-09-07,Teemu Nikki
503,tt6027344,2017-11-23,2017-11-23,,Mansfield 66/67,http://www.imdb.com/title/tt6027344/,movie,6.1,84,2017,"Documentary, Biography, Musical",75,2017-01-29,"Todd Hughes, P. David Ebersole"
504,tt6738136,2017-11-24,2017-11-24,,Revenge,http://www.imdb.com/title/tt6738136/,movie,6.7,108,2017,"Action, Thriller",252,2017-09-10,Coralie Fargeat
505,tt0088944,2017-11-24,2017-11-24,,Commando,http://www.imdb.com/title/tt0088944/,movie,6.7,90,1985,"Action, Adventure, Thriller",123431,1985-10-04,Mark L. Lester
506,tt5847760,2017-11-25,2017-11-25,,Liberation Day,http://www.imdb.com/title/tt5847760/,movie,7.7,100,2016,"Documentary, Music, Musical",412,2016-11-19,"Ugis Olte, Morten Traavik"
507,tt6147514,2017-11-25,2017-11-25,,VampyrVidar,http://www.imdb.com/title/tt6147514/,movie,6.0,83,2017,"Comedy, Fantasy, Horror",103,2017-08-23,"Thomas Aske Berg, Fredrik Waldeland"
508,tt6777338,2017-11-25,2017-11-25,,Ak-Nyeo,http://www.imdb.com/title/tt6777338/,movie,6.7,129,2017,"Action, Crime, Drama",3643,2017-05-21,Byung-gil Jung
509,tt3348730,2017-12-03,2017-12-03,,Jigsaw,http://www.imdb.com/title/tt3348730/,movie,6.1,92,2017,"Crime, Horror, Mystery, Thriller",16444,2017-10-25,"Michael Spierig, Peter Spierig"
510,tt1687901,2017-12-09,2017-12-09,,The Awakening,http://www.imdb.com/title/tt1687901/,movie,6.5,102,2011,"Horror, Thriller",56156,2011-09-16,Nick Murphy
511,tt4548864,2017-12-10,2017-12-10,,Blackhearts,http://www.imdb.com/title/tt4548864/,movie,6.4,83,2017,"Documentary, Music",106,2017-01-27,"Fredrik Horn Akselsen, Christian Falch"
512,tt0308090,2017-12-25,2017-12-25,,Autobonus,http://www.imdb.com/title/tt0308090/,movie,8.1,59,2001,"Documentary, Comedy, Drama",130,2001-01-01,Mika Ronkainen
513,tt3716530,2017-12-30,2017-12-30,,Elle,http://www.imdb.com/title/tt3716530/,movie,7.2,130,2016,"Crime, Drama, Thriller",44562,2016-05-21,Paul Verhoeven
